Islander,,,,
Abi Moores,Abi,,,
Amber Wise,Amber,,,
Benjamin Noel,Benjamin,Ben,,
Catherine Agbaje,Catherine,Cat,Cath,
Danielle Mazhindu,Danielle,,,
Ella Thomas,Ella,Ella T,EllaT,OG Ella
Elom Ahlijah-Wilson,Elom,,,
"Gabrielle ""Gabby"" Jeffery",Gabby,,,
Jess Harding,Jess,,,
Kady McDermott,Kady,,,
Kodie Murphy,Kodie,,,
Leah Taylor,Leah,,,
Lochan Nowacki,Lochan,Loch,,
Mitchel Taylor,Mitch,,,
Molly Marsh,Molly,,,
Montel McKenzie,Montel,,,
"Ousman ""Ouzy"" See",Ouzy,,,
Sammy Root,Sammy,,,
Scott van-der-Sluis,Scott,Scottisha,,
Tink Reading,Tink,,,
Tyrique Hyde,Tyrique,Toxique,Ty,
Whitney Adebayo,Whit,,,
Zachariah Noble,Zachariah,Zack,Zach,
Zachary Ashford,Zachary,,,
"Malissa ""Mal"" Nichol",Mal,,,
Mehdi Edno,Medhi,Mehdi,,
André Furtado,Andre,,,
Charlotte Sumner,Charlotte,,,
Ruchee Gurung,Ruch,,,
George Fensom,George,,,
Ella Barnes,Ella B,EllaB,,
Josh Brocklebank,Josh,,,