Islander,Age,Hometown,ShowEntryDay,ShowLeaveDay,OnLeaveStatus,MainVillaEntryDay
Jess Harding,22,Uxbridge,1,58,Winner,1
Sammy Root,22,Dartford,4,58,Winner,4
Lochan Nowacki,25,Bermondsey,26,58,Runner-up,
Whitney Adebayo,25,Camden,3,58,Runner-up,3
Ella Thomas,23,Glasgow,1,58,Third,1
Tyrique Hyde,24,Grays,1,58,Third,1
Molly Marsh,21,Doncaster,1,19,Dumped,1
Molly Marsh,21,Doncaster,27,58,Fourth,
Zachariah Noble,25,Lewisham,1,58,Fourth,1
Ella Barnes,23,Ashford,39,56,Dumped,39
Mitchel Taylor,26,Sheffield,1,56,Dumped,1
Abi Moores,25,Hampshire,27,52,Dumped,
Scott van-der-Sluis,22,Connah's Quay,11,52,Dumped,11
Kady McDermott,27,Stevenage,19,44,Dumped,19
"Ousman ""Ouzy"" See",28,Edinburgh,26,44,Dumped,
Amber Wise,19,Kensington,27,44,Dumped,
Josh Brocklebank,26,Brentwood,39,44,Dumped,39
Leah Taylor,27,Manchester,8,38,Dumped,8
Montel McKenzie,25,London,16,38,Dumped,16
Catherine Agbaje,22,Tyrrelstown,1,38,Dumped,1
Elom Ahlijah-Wilson,22,Enfield,26,38,Dumped,
Benjamin Noel,26,London,26,31,Dumped,
Danielle Mazhindu,25,Liverpool,27,31,Dumped,
"Gabrielle ""Gabby"" Jeffery",24,Tyneside,27,31,Dumped,
Kodie Murphy,20,Birmingham,26,31,Dumped,
Tink Reading,26,Birmingham,27,31,Dumped,
Zachary Ashford,27,Manchester,26,31,Dumped,
"Malissa ""Mal"" Nichol",25,Edinburgh,16,23,Dumped,16
Mehdi Edno,26,Bordeaux,1,23,Dumped,1
Andr√© Furtado,21,Dudley,1,12,Dumped,1
Charlotte Sumner,30,Bournemouth,8,12,Dumped,8
Ruchee Gurung,24,Sutton,1,9,Dumped,1
George Fensom,24,Bedford,1,5,Dumped,1
