PostID,name,title,permalink,createdDate,AuthorID,AuthorName,isStickied,linkFlairText,linkUrl,isLocked,edited,numOfComments,selfText,score,upvoteRatio,insertionTimestamp
10dqm75,t3_10dqm75,"S09E01 (Monday 16th January) - ""There's a twist on day one... üëÄ""",/r/LoveIslandTV/comments/10dqm75/s09e01_monday_16th_january_theres_a_twist_on_day/,1673901006,gwcr8,mayallrob_,False,DISCUSSION THREAD,https://www.reddit.com/r/LoveIslandTV/comments/10dqm75/s09e01_monday_16th_january_theres_a_twist_on_day/,False,,3112,"# Episode synopsis:

Our Islanders enter the villa, get coupled up and crack on... but there's a BIG surprise in store for them all üëÄ

[Check out the first look on YouTube here!](https://www.youtube.com/watch?v=W4QlBu2HT5g)

\------------

**Sub updates**

Welcome back to Love Island, 2023!! Please remember to follow the rules, and as always... *'remember the human'*!

The Reddit x ITV partnership is **NOT** continuing for the current season of Love Island, so we won't be bringing you any exclusive behind the scenes content.

However, we do have something *VERY* exciting to announce before the end of this week...!!

\------------

**Other discussion threads:**

* [The 'daily chat' megathread](https://www.reddit.com/r/LoveIslandTV/comments/10ce4yb/weekly_chat_thread/)
* [Older discussion threads](https://www.reddit.com/r/LoveIslandTV/search?q=flair_name%3A%22DISCUSSION%20THREAD%22&restrict_sr=1&sort=new)

\------------

**Ways to watch**

^(FOR NON-UK VIEWERS - If you're trying to watch this episode from outside the UK, check out the Megathread) [^(here)](https://www.reddit.com/r/LoveIslandTV/comments/108mag0/how_to_watch_megathread_2023/) ^(to discuss other ways of watching.)",88,1,1676167003
10dv6v6,t3_10dv6v6,Episode 1 (Monday 16th January) - Post Episode Discussion Thread üßµ First Day of School,/r/LoveIslandTV/comments/10dv6v6/episode_1_monday_16th_january_post_episode/,1673909564,2i2co80n,hereforthespilledtea,False,DISCUSSION THREAD,https://www.reddit.com/r/LoveIslandTV/comments/10dv6v6/episode_1_monday_16th_january_post_episode/,False,,346,Who‚Äôs your favorite couple? Who will the new bombshell pick? Discuss!,82,1,1676156371
10eltd2,t3_10eltd2,"S09E02 (Tuesday 17th January) - ""Tom's got a BIG decision to make üòØ""",/r/LoveIslandTV/comments/10eltd2/s09e02_tuesday_17th_january_toms_got_a_big/,1673985618,gwcr8,mayallrob_,False,DISCUSSION THREAD,https://www.reddit.com/r/LoveIslandTV/comments/10eltd2/s09e02_tuesday_17th_january_toms_got_a_big/,False,,1515,"# Episode synopsis:

The Islanders are just getting settled, but a game of dares and Tom's BIG decision are shaking things up 

[Check out the first look on YouTube here!](https://www.youtube.com/watch?v=DSO5cxRxgWE)

\------------

**Other discussion threads:**

* [Previous episode discussion thread](https://www.reddit.com/r/LoveIslandTV/comments/10dqm75/s09e01_monday_16th_january_theres_a_twist_on_day/)
* [Older discussion threads](https://www.reddit.com/r/LoveIslandTV/search?q=flair_name%3A%22DISCUSSION%20THREAD%22&restrict_sr=1&sort=new)

\------------

**Ways to watch**

^(FOR NON-UK VIEWERS - If you're trying to watch this episode from outside the UK, check out the Megathread) [^(here)](https://www.reddit.com/r/LoveIslandTV/comments/108mag0/how_to_watch_megathread_2023/) ^(to discuss other ways of watching.)",28,1,1676173147
10ep2gd,t3_10ep2gd,Episode 2 (Tuesday 17th January) - Post Episode Discussion Thread üßµ,/r/LoveIslandTV/comments/10ep2gd/episode_2_tuesday_17th_january_post_episode/,1673993110,45c6g2hn,WillowSwarm,False,DISCUSSION THREAD,https://www.reddit.com/r/LoveIslandTV/comments/10ep2gd/episode_2_tuesday_17th_january_post_episode/,False,,315,Tom is tall... That is all.,63,1,1676156762
10fh2aq,t3_10fh2aq,"S09E03 (Wednesday 18th January) - ""Are the boys' heads starting to turn? üëÄ""",/r/LoveIslandTV/comments/10fh2aq/s09e03_wednesday_18th_january_are_the_boys_heads/,1674072018,gwcr8,mayallrob_,False,DISCUSSION THREAD,https://www.reddit.com/r/LoveIslandTV/comments/10fh2aq/s09e03_wednesday_18th_january_are_the_boys_heads/,False,,1009,"# Episode synopsis:

Shaq's doubling down, but are the other boys making moves elsewhere? Two new bombshells could be about to change it all... 

[Check out the first look on YouTube here!](https://www.youtube.com/watch?v=0_FpPg2qDac)

\------------

**Other discussion threads:**

* [Previous episode discussion thread](https://www.reddit.com/r/LoveIslandTV/comments/10eltd2/s09e02_tuesday_17th_january_toms_got_a_big/)
* [Older discussion threads](https://www.reddit.com/r/LoveIslandTV/search?q=flair_name%3A%22DISCUSSION%20THREAD%22&restrict_sr=1&sort=new)

\------------

**Ways to watch**

^(FOR NON-UK VIEWERS - If you're trying to watch this episode from outside the UK, check out the Megathread) [^(here)](https://www.reddit.com/r/LoveIslandTV/comments/108mag0/how_to_watch_megathread_2023/) ^(to discuss other ways of watching.)",22,1,1676174159
10fjrvg,t3_10fjrvg,Episode 3 (Wednesday 18th January) - Post Episode Discussion Thread üßµ,/r/LoveIslandTV/comments/10fjrvg/episode_3_wednesday_18th_january_post_episode/,1674079432,45c6g2hn,WillowSwarm,False,DISCUSSION THREAD,https://www.reddit.com/r/LoveIslandTV/comments/10fjrvg/episode_3_wednesday_18th_january_post_episode/,False,,281,Sometimes they really are just not that into you...,39,1,1676156849
10gen0o,t3_10gen0o,Episode 4 (Thursday 19th January) - Post Episode Discussion Thread üßµ,/r/LoveIslandTV/comments/10gen0o/episode_4_thursday_19th_january_post_episode/,1674165776,45c6g2hn,WillowSwarm,False,DISCUSSION THREAD,https://www.reddit.com/r/LoveIslandTV/comments/10gen0o/episode_4_thursday_19th_january_post_episode/,False,,466,I'm not gonna lie... These bombs are coming in STRONG.,94,1,1676155126
10h6luf,t3_10h6luf,"S09E05 (Friday 20th January) - ""A boy goes home in the first recoupling...""",/r/LoveIslandTV/comments/10h6luf/s09e05_friday_20th_january_a_boy_goes_home_in_the/,1674244817,gwcr8,mayallrob_,False,DISCUSSION THREAD,https://www.reddit.com/r/LoveIslandTV/comments/10h6luf/s09e05_friday_20th_january_a_boy_goes_home_in_the/,False,,1616,"# Episode synopsis:

After last night's fallout, tensions are high. Especially when a recoupling text comes through... 

[Check out the first look on YouTube here!](https://www.youtube.com/watch?v=wA57dETYZ6Q)

\------------

**Sub updates**

Ekin-Su is coming to Reddit! [Check out the announcement post here!](https://www.reddit.com/r/LoveIslandTV/comments/10gc8qa/the_premiere_of_ekinsu_on_reddit_will_take_place/)

\------------

**Other discussion threads:**

* [Previous episode discussion thread](https://www.reddit.com/r/LoveIslandTV/comments/10gbtyw/s09e04_thursday_19th_january_a_game_of_beer_pong/)
* [Older discussion threads](https://www.reddit.com/r/LoveIslandTV/search?q=flair_name%3A%22DISCUSSION%20THREAD%22&restrict_sr=1&sort=new)

\------------

**Ways to watch**

^(FOR NON-UK VIEWERS - If you're trying to watch this episode from outside the UK, check out the Megathread) [^(here)](https://www.reddit.com/r/LoveIslandTV/comments/108mag0/how_to_watch_megathread_2023/) ^(to discuss other ways of watching.)",25,1,1676172392
10h9ugx,t3_10h9ugx,Episode 5 (Friday 20th January) - Post Episode Discussion Thread üßµ,/r/LoveIslandTV/comments/10h9ugx/episode_5_friday_20th_january_post_episode/,1674252164,45c6g2hn,WillowSwarm,False,DISCUSSION THREAD,https://www.reddit.com/r/LoveIslandTV/comments/10h9ugx/episode_5_friday_20th_january_post_episode/,False,,604,"So what have we gathered so far from the first week? I think my biggest takeaway is that everything is ""UNREAL"".",45,1,1676155579
10isnfe,t3_10isnfe,"S09E07 + Aftersun (Sunday 22nd January) - ""Will and Jessie make a connection ü•∞""",/r/LoveIslandTV/comments/10isnfe/s09e07_aftersun_sunday_22nd_january_will_and/,1674417617,gwcr8,mayallrob_,False,DISCUSSION THREAD,https://www.reddit.com/r/LoveIslandTV/comments/10isnfe/s09e07_aftersun_sunday_22nd_january_will_and/,False,,1886,"# Episode synopsis:

Our Aussie Bombshells make a BIG splash at the pool party, and Will wastes no time grafting new arrival Jessie... 

[Check out the first look on YouTube here!](https://www.youtube.com/watch?v=V162v4X2wVM)

\------------

**Sub updates**

Ekin-Su and Joe Garratt will be joining us at 7pm TOMORROW for their first Reddit Talk! Ask your questions in [this thread](https://www.reddit.com/r/LoveIslandTV/comments/10hxsui/hey_rloveislandtv_ekinsu_and_joe_garratt_here_ask/), or ask your question LIVE during the broadcast (just don't forget to unmute yourself!). 

\------------

**Other discussion threads:**

* [Previous episode discussion thread](https://www.reddit.com/r/LoveIslandTV/comments/10i03f0/s09e06_saturday_21st_january_unseen_bits_week_1/)
* [Older discussion threads](https://www.reddit.com/r/LoveIslandTV/search?q=flair_name%3A%22DISCUSSION%20THREAD%22&restrict_sr=1&sort=new)

\------------

**Ways to watch**

^(FOR NON-UK VIEWERS - If you're trying to watch this episode from outside the UK, check out the Megathread) [^(here)](https://www.reddit.com/r/LoveIslandTV/comments/108mag0/how_to_watch_megathread_2023/) ^(to discuss other ways of watching.)",24,1,1676171322
10ivo0y,t3_10ivo0y,Episode 7 (Sunday 22nd January) - Post Episode Discussion Thread üßµ,/r/LoveIslandTV/comments/10ivo0y/episode_7_sunday_22nd_january_post_episode/,1674425077,45c6g2hn,WillowSwarm,False,DISCUSSION THREAD,https://www.reddit.com/r/LoveIslandTV/comments/10ivo0y/episode_7_sunday_22nd_january_post_episode/,False,,380,"*‚ÄúThey both said g‚Äôday mate, they‚Äôre Australian‚Äú*",68,1,1676156197
10jlv8w,t3_10jlv8w,"S09E08 (Monday 23rd January) - ""Olivia and Zara clash over Tom üî•""",/r/LoveIslandTV/comments/10jlv8w/s09e08_monday_23rd_january_olivia_and_zara_clash/,1674504018,gwcr8,mayallrob_,False,DISCUSSION THREAD,https://www.reddit.com/r/LoveIslandTV/comments/10jlv8w/s09e08_monday_23rd_january_olivia_and_zara_clash/,False,,2100,"# Episode synopsis:

A round of Never Have I Ever kickstarts BIG Zara and Olivia drama, as they clash over their Tom triangle!  

[Check out the first look on YouTube here!](https://www.youtube.com/watch?v=ddrBk9pHwew)

\------------

**Other discussion threads:**

* [Previous episode discussion thread](https://www.reddit.com/r/LoveIslandTV/comments/10isnfe/s09e07_aftersun_sunday_22nd_january_will_and/)
* [Older discussion threads](https://www.reddit.com/r/LoveIslandTV/search?q=flair_name%3A%22DISCUSSION%20THREAD%22&restrict_sr=1&sort=new)

\------------

**Ways to watch**

^(FOR NON-UK VIEWERS - If you're trying to watch this episode from outside the UK, check out the Megathread) [^(here)](https://www.reddit.com/r/LoveIslandTV/comments/108mag0/how_to_watch_megathread_2023/) ^(to discuss other ways of watching.)",38,1,1676168794
10joxbk,t3_10joxbk,Episode 8 (Monday 23rd January) - Post Episode Discussion Thread üßµ,/r/LoveIslandTV/comments/10joxbk/episode_8_monday_23rd_january_post_episode/,1674511396,45c6g2hn,WillowSwarm,False,DISCUSSION THREAD,https://www.reddit.com/r/LoveIslandTV/comments/10joxbk/episode_8_monday_23rd_january_post_episode/,False,,394,*Shall we blame all the chaldish behaviour tonight on the yellow bean bag? I say yes.*,53,1,1676155789
10kelhy,t3_10kelhy,"S09E09 (Tuesday 24th January) - ""A surprise text reveals something shocking""",/r/LoveIslandTV/comments/10kelhy/s09e09_tuesday_24th_january_a_surprise_text/,1674590416,gwcr8,mayallrob_,False,DISCUSSION THREAD,https://www.reddit.com/r/LoveIslandTV/comments/10kelhy/s09e09_tuesday_24th_january_a_surprise_text/,False,1674594115,1832,"# Episode synopsis:

Shaq's catching vibes  from Zara, while Will's making progress with Jessie. But a text tells  the Islanders something shocking is just around the corner...

[Check out the first look on YouTube here!](https://www.youtube.com/watch?v=MjjralHWN88)

\------------

**Sub updates**

[Listen to the Talk with Ekin-Su and Joe Garratt here!](https://www.reddit.com/r/LoveIslandTV/comments/10jkbif/ekinsu_joe_garratt_reddit_talk/?utm_source=share&utm_medium=web2x&context=3) Apologies to anyone that couldn't join yesterday - we had some issues and believe it was removed by the automod. The good news is that Ekin-Su and Joe will be back on Monday 6th February for another Talk!

[The talk is also available to watch in video format here](https://www.reddit.com/r/LoveIslandTV/comments/10keku0/part_1_from_our_reddit_talk_yesterday/?utm_source=share&utm_medium=web2x&context=3) (part 2 coming soon). 

\------------

**Other discussion threads:**

* [Previous episode discussion thread](https://www.reddit.com/r/LoveIslandTV/comments/10jlv8w/s09e08_monday_23rd_january_olivia_and_zara_clash/)
* [Older discussion threads](https://www.reddit.com/r/LoveIslandTV/search?q=flair_name%3A%22DISCUSSION%20THREAD%22&restrict_sr=1&sort=new)

\------------

**Ways to watch**

^(FOR NON-UK VIEWERS - If you're trying to watch this episode from outside the UK, check out the Megathread) [^(here)](https://www.reddit.com/r/LoveIslandTV/comments/108mag0/how_to_watch_megathread_2023/) ^(to discuss other ways of watching.)",44,1,1676203265
10khmb8,t3_10khmb8,Episode 9 (Tuesday 24th January) - Post Episode Discussion Thread üßµ,/r/LoveIslandTV/comments/10khmb8/episode_9_tuesday_24th_january_post_episode/,1674597684,45c6g2hn,WillowSwarm,False,DISCUSSION THREAD,https://www.reddit.com/r/LoveIslandTV/comments/10khmb8/episode_9_tuesday_24th_january_post_episode/,False,,581,I swear we saw Haris more than Aaron tonight. This Bombs not bombing.,81,1,1676154496
10lb0dn,t3_10lb0dn,Episode 10 (Wednesday 25th January) - Post Episode Discussion Thread üßµ,/r/LoveIslandTV/comments/10lb0dn/episode_10_wednesday_25th_january_post_episode/,1674683938,45c6g2hn,WillowSwarm,False,DISCUSSION THREAD,https://www.reddit.com/r/LoveIslandTV/comments/10lb0dn/episode_10_wednesday_25th_january_post_episode/,False,1674686385,685,"*""History? It's been a fucking week can we all relax."" -Zara*  EXACTLY.",105,1,1676203265
10m0xq9,t3_10m0xq9,"S09E11 (Thursday 26th January) - ""Bombshells Ellie and Spencer crash the recoupling üò±""",/r/LoveIslandTV/comments/10m0xq9/s09e11_thursday_26th_january_bombshells_ellie_and/,1674763215,gwcr8,mayallrob_,False,DISCUSSION THREAD,https://www.reddit.com/r/LoveIslandTV/comments/10m0xq9/s09e11_thursday_26th_january_bombshells_ellie_and/,False,,2054,"# Episode synopsis:

Plot twist! Ellie and Spencer have landed in the villa, and now they've got first dibs in a dramatic recoupling...

[Check out the first look on YouTube here!](https://www.youtube.com/watch?v=d2C99xz8NIQ)

\------------

**Sub updates**

* [Listen to the Talk with Ekin-Su and Joe Garratt here!](https://www.reddit.com/r/LoveIslandTV/comments/10jkbif/ekinsu_joe_garratt_reddit_talk/?utm_source=share&utm_medium=web2x&context=3)
* [Watch Part 1 of the Ekin-Su and Joe Garratt Talk here!](https://www.reddit.com/r/LoveIslandTV/comments/10keku0/part_1_from_our_reddit_talk_yesterday/?utm_source=share&utm_medium=web2x&context=3)
* [Watch Part 2 of the Ekin-Su and Joe Garratt Talk here!](https://www.reddit.com/r/LoveIslandTV/comments/10l3z7j/part_2_from_our_reddit_talk_on_monday_night_some/?utm_source=share&utm_medium=web2x&context=3)
* The full video will be on YouTube by the end of the week.

\------------

**Other discussion threads:**

* [Previous episode discussion thread](https://www.reddit.com/r/LoveIslandTV/comments/10l8321/s09e10_wednesday_25th_january_two_more_islanders/)
* [Older discussion threads](https://www.reddit.com/r/LoveIslandTV/search?q=flair_name%3A%22DISCUSSION%20THREAD%22&restrict_sr=1&sort=new)

\------------

**Ways to watch**

^(FOR NON-UK VIEWERS - If you're trying to watch this episode from outside the UK, check out the Megathread) [^(here)](https://www.reddit.com/r/LoveIslandTV/comments/108mag0/how_to_watch_megathread_2023/) ^(to discuss other ways of watching.)",15,1,1676169537
10m3s5s,t3_10m3s5s,Episode 11 (Thursday 26th January) - Post Episode Discussion Thread üßµ,/r/LoveIslandTV/comments/10m3s5s/episode_11_thursday_26th_january_post_episode/,1674770306,45c6g2hn,WillowSwarm,False,DISCUSSION THREAD,https://www.reddit.com/r/LoveIslandTV/comments/10m3s5s/episode_11_thursday_26th_january_post_episode/,False,,630,"Producers, do we need to start a petition for outdoor heaters? They are legit freezing at night.",50,1,1676154954
10mufwk,t3_10mufwk,"S09E12 (Friday 27th January) - ""Truth or dare gets personal""",/r/LoveIslandTV/comments/10mufwk/s09e12_friday_27th_january_truth_or_dare_gets/,1674849615,gwcr8,mayallrob_,False,DISCUSSION THREAD,https://www.reddit.com/r/LoveIslandTV/comments/10mufwk/s09e12_friday_27th_january_truth_or_dare_gets/,False,,2951,"# Episode synopsis:

It's all happening around the firepit... Ron makes Lana a BIG promise, and later a game of truth or dare heats up üî•

[Check out the first look on YouTube here!](https://www.youtube.com/watch?v=5EvUCMP1Pb4)

\------------

**Other discussion threads:**

* [Previous episode discussion thread](https://www.reddit.com/r/LoveIslandTV/comments/10m0xq9/s09e11_thursday_26th_january_bombshells_ellie_and/)
* [Older discussion threads](https://www.reddit.com/r/LoveIslandTV/search?q=flair_name%3A%22DISCUSSION%20THREAD%22&restrict_sr=1&sort=new)

\------------

**Ways to watch**

^(FOR NON-UK VIEWERS - If you're trying to watch this episode from outside the UK, check out the Megathread) [^(here)](https://www.reddit.com/r/LoveIslandTV/comments/108mag0/how_to_watch_megathread_2023/) ^(to discuss other ways of watching.)",45,1,1676164172
10mxsgx,t3_10mxsgx,Episode 12 (Friday 27th January) - Post Episode Discussion Thread üßµ,/r/LoveIslandTV/comments/10mxsgx/episode_12_friday_27th_january_post_episode/,1674857747,45c6g2hn,WillowSwarm,False,DISCUSSION THREAD,https://www.reddit.com/r/LoveIslandTV/comments/10mxsgx/episode_12_friday_27th_january_post_episode/,False,1674859940,1030,"*""You think I'm bothered? I am bothered.""*",60,1,1676203265
10ogxle,t3_10ogxle,"S09E14 (Sunday 29th January) - ""The boys get on job with bombshell Samie""",/r/LoveIslandTV/comments/10ogxle/s09e14_sunday_29th_january_the_boys_get_on_job/,1675022417,gwcr8,mayallrob_,False,DISCUSSION THREAD,https://www.reddit.com/r/LoveIslandTV/comments/10ogxle/s09e14_sunday_29th_january_the_boys_get_on_job/,False,,2459,"# Episode synopsis:

Zara's getting the ick and Ellie's moving closer Tom... but Samie's arrival has thrown a spanner in the works üò® 

[Check out the first look on YouTube here!](https://www.youtube.com/watch?v=KR5dC5kwlP4)

\------------

**Other discussion threads:**

* [Previous episode discussion thread](https://www.reddit.com/r/LoveIslandTV/comments/10no0f5/s09e13_saturday_28th_january_unseen_bits_week_2/)
* [Older discussion threads](https://www.reddit.com/r/LoveIslandTV/search?q=flair_name%3A%22DISCUSSION%20THREAD%22&restrict_sr=1&sort=new)

\------------

**Ways to watch**

^(FOR NON-UK VIEWERS - If you're trying to watch this episode from outside the UK, check out the Megathread) [^(here)](https://www.reddit.com/r/LoveIslandTV/comments/108mag0/how_to_watch_megathread_2023/) ^(to discuss other ways of watching.)",32,1,1676165960
10ok5fh,t3_10ok5fh,Episode 14 + Aftersun (Sunday 29th January) - Post Episode Discussion Thread üßµ,/r/LoveIslandTV/comments/10ok5fh/episode_14_aftersun_sunday_29th_january_post/,1675030003,45c6g2hn,WillowSwarm,False,DISCUSSION THREAD,https://www.reddit.com/r/LoveIslandTV/comments/10ok5fh/episode_14_aftersun_sunday_29th_january_post/,False,,829,"At this rate, even the mods could be Ron's type! üòâ",61,1,1676153359
10pccrr,t3_10pccrr,"S09E15 (Monday 30th January) - ""Ellie and Tom's secret kiss is revealed""",/r/LoveIslandTV/comments/10pccrr/s09e15_monday_30th_january_ellie_and_toms_secret/,1675108819,gwcr8,mayallrob_,False,DISCUSSION THREAD,https://www.reddit.com/r/LoveIslandTV/comments/10pccrr/s09e15_monday_30th_january_ellie_and_toms_secret/,False,,2962,"# Episode synopsis:

""I think there's a storm Brewing..."" 

""This place is about to blow up"" 

[Check out the first look on YouTube here!] (https://youtu.be/SDlXwji5o00) 

\------------

**Other discussion threads:**

* [Previous episode discussion thread](https://www.reddit.com/r/LoveIslandTV/comments/10no0f5/s09e13_saturday_28th_january_unseen_bits_week_2/)
* [Older discussion threads](https://www.reddit.com/r/LoveIslandTV/search?q=flair_name%3A%22DISCUSSION%20THREAD%22&restrict_sr=1&sort=new)

\------------

**Ways to watch**

* (FOR NON-UK VIEWERS - If you're trying to watch this episode from outside the UK, check out the Megathread) [(here)](https://www.reddit.com/r/LoveIslandTV/comments/108mag0/how_to_watch_megathread_2023/) to discuss other ways of watching.",47,1,1676163433
10pfftx,t3_10pfftx,Episode 15 (Monday 30th January) - Post Episode Discussion Thread üßµ,/r/LoveIslandTV/comments/10pfftx/episode_15_monday_30th_january_post_episode/,1675116017,zram0,PrincessCG,False,DISCUSSION THREAD,https://www.reddit.com/r/LoveIslandTV/comments/10pfftx/episode_15_monday_30th_january_post_episode/,False,,769,I don‚Äôt want to stir things‚Ä¶but a few of these boys need to be **exposed.**,80,1,1676149200
10pvar9,t3_10pvar9,31 Jan 2023 - Daily Discussion Thread,/r/LoveIslandTV/comments/10pvar9/31_jan_2023_daily_discussion_thread/,1675159358,lhnunxp,aimhighsquatlow,False,DISCUSSION THREAD,https://www.reddit.com/r/LoveIslandTV/comments/10pvar9/31_jan_2023_daily_discussion_thread/,False,,88,"As always please be sound to each other - don‚Äôt be a dick. 

I don‚Äôt know about ye but I‚Äôm buzzing for tonight‚Äôs episode! Need to lower my expectations ü§£",21,1,1676156982
10q9mf6,t3_10q9mf6,"S09E16 (Tuesday 31st January) - ""Olivia wants the truth from Tom üëÄ""",/r/LoveIslandTV/comments/10q9mf6/s09e16_tuesday_31st_january_olivia_wants_the/,1675197174,gwcr8,mayallrob_,False,DISCUSSION THREAD,https://www.reddit.com/r/LoveIslandTV/comments/10q9mf6/s09e16_tuesday_31st_january_olivia_wants_the/,False,,4074,"# Episode synopsis:

Tom's  'secret' terrace kiss comes to a head and Olivia wants answers...  Meanwhile, Tanyel and Kai have got some making up to do üò¨

[Check out the first look on YouTube here!](https://www.youtube.com/watch?v=hKL-q1GTYl8)

\------------

**Other discussion threads:**

* [Previous episode discussion thread](https://www.reddit.com/r/LoveIslandTV/comments/10pccrr/s09e15_monday_30th_january_ellie_and_toms_secret/)
* [Older discussion threads](https://www.reddit.com/r/LoveIslandTV/search?q=flair_name%3A%22DISCUSSION%20THREAD%22&restrict_sr=1&sort=new)

\------------

**Ways to watch**

* ^(FOR NON-UK VIEWERS - If you're trying to watch this episode from outside the UK, check out the Megathread) [^(here)](https://www.reddit.com/r/LoveIslandTV/comments/108mag0/how_to_watch_megathread_2023/) ^(to discuss other ways of watching.)",60,1,1676158070
10qburi,t3_10qburi,Episode 16 (Tuesday 31st January) - Post Episode Discussion Thread üßµ,/r/LoveIslandTV/comments/10qburi/episode_16_tuesday_31st_january_post_episode/,1675202419,zram0,PrincessCG,False,DISCUSSION THREAD,https://www.reddit.com/r/LoveIslandTV/comments/10qburi/episode_16_tuesday_31st_january_post_episode/,False,,1060,"The mods will graciously decline the offer of \*community penis\*, thanks though Zara!",109,1,1676142556
10r4fan,t3_10r4fan,"S09E17 (Wednesday 1st February) - ""A girl goes home, but there's a surprise arrival...""",/r/LoveIslandTV/comments/10r4fan/s09e17_wednesday_1st_february_a_girl_goes_home/,1675281616,gwcr8,mayallrob_,False,DISCUSSION THREAD,https://www.reddit.com/r/LoveIslandTV/comments/10r4fan/s09e17_wednesday_1st_february_a_girl_goes_home/,False,,3978,"# Episode synopsis:

The boys go from difficult decision to big competition, as Jordan and Casey touchdown in the villa üòç

[Check out the first look on YouTube here!](https://www.youtube.com/watch?v=5GqBx0FIck0)

\------------

**Other discussion threads:**

* [Previous episode discussion thread](https://www.reddit.com/r/LoveIslandTV/comments/10q9mf6/s09e16_tuesday_31st_january_olivia_wants_the/)
* [Older discussion threads](https://www.reddit.com/r/LoveIslandTV/search?q=flair_name%3A%22DISCUSSION%20THREAD%22&restrict_sr=1&sort=new)

\------------

**Ways to watch**

* ^(FOR NON-UK VIEWERS - If you're trying to watch this episode from outside the UK, check out the Megathread) [^(here)](https://www.reddit.com/r/LoveIslandTV/comments/108mag0/how_to_watch_megathread_2023/) ^(to discuss other ways of watching.)",50,1,1676158793
10r7ksh,t3_10r7ksh,Episode 17 (Wednesday 1st February) - Post Episode Discussion Thread üßµ,/r/LoveIslandTV/comments/10r7ksh/episode_17_wednesday_1st_february_post_episode/,1675288815,zram0,PrincessCG,False,DISCUSSION THREAD,https://www.reddit.com/r/LoveIslandTV/comments/10r7ksh/episode_17_wednesday_1st_february_post_episode/,False,,862,"Don‚Äôt let anyone tell you that you can‚Äôt meet someone, fall in love and be married within 8 weeks. You can do it Shaq!",79,1,1676148593
10rz8dx,t3_10rz8dx,"S09E18 (Thursday 2nd February) - ""Lana's head is turning for Casey""",/r/LoveIslandTV/comments/10rz8dx/s09e18_thursday_2nd_february_lanas_head_is/,1675368016,gwcr8,mayallrob_,False,DISCUSSION THREAD,https://www.reddit.com/r/LoveIslandTV/comments/10rz8dx/s09e18_thursday_2nd_february_lanas_head_is/,False,,2923,"# Episode synopsis:

The kissing challenge is BACK! But while sparks are flying between Lana and Casey, one strong couple hits the rocks... 

[Check out the first look on YouTube here!](https://www.youtube.com/watch?v=1_TtWuSqldM)

\------------

**Other discussion threads:**

* [Previous episode discussion thread](https://www.reddit.com/r/LoveIslandTV/comments/10r4fan/s09e17_wednesday_1st_february_a_girl_goes_home/)
* [Older discussion threads](https://www.reddit.com/r/LoveIslandTV/search?q=flair_name%3A%22DISCUSSION%20THREAD%22&restrict_sr=1&sort=new)

\------------

**Ways to watch**

* ^(FOR NON-UK VIEWERS - If you're trying to watch this episode from outside the UK, check out the Megathread) [^(here)](https://www.reddit.com/r/LoveIslandTV/comments/108mag0/how_to_watch_megathread_2023/) ^(to discuss other ways of watching.)",44,1,1676160600
10s2902,t3_10s2902,Episode 18 (Thursday 2nd February) - Post Episode Discussion Thread üßµ,/r/LoveIslandTV/comments/10s2902/episode_18_thursday_2nd_february_post_episode/,1675375216,zram0,PrincessCG,False,DISCUSSION THREAD,https://www.reddit.com/r/LoveIslandTV/comments/10s2902/episode_18_thursday_2nd_february_post_episode/,False,,830,,34,1,1676149755
10stmg5,t3_10stmg5,"S09E19 (Friday 3rd February) - ""Maya makes a surprise return""",/r/LoveIslandTV/comments/10stmg5/s09e19_friday_3rd_february_maya_makes_a_surprise/,1675454416,gwcr8,mayallrob_,False,DISCUSSION THREAD,https://www.reddit.com/r/LoveIslandTV/comments/10stmg5/s09e19_friday_3rd_february_maya_makes_a_surprise/,False,,2432,"# Episode synopsis:

Hold your chats, Maya is BACK! But what does that mean for the Islanders?

[Check out the first look on YouTube here!](https://www.youtube.com/watch?v=WcAXmEy_MVc)

\------------

**Other discussion threads:**

* [Previous episode discussion thread](https://www.reddit.com/r/LoveIslandTV/comments/10rz8dx/s09e18_thursday_2nd_february_lanas_head_is/)
* [Older discussion threads](https://www.reddit.com/r/LoveIslandTV/search?q=flair_name%3A%22DISCUSSION%20THREAD%22&restrict_sr=1&sort=new)

\------------

**Ways to watch**

* ^(FOR NON-UK VIEWERS - If you're trying to watch this episode from outside the UK, check out the Megathread) [^(here)](https://www.reddit.com/r/LoveIslandTV/comments/108mag0/how_to_watch_megathread_2023/) ^(to discuss other ways of watching.)",45,1,1676162379
10swnkj,t3_10swnkj,Episode 19 (Friday 3rd February) - Post Episode Discussion Thread üßµ,/r/LoveIslandTV/comments/10swnkj/episode_19_friday_3rd_february_post_episode/,1675461679,zram0,PrincessCG,False,DISCUSSION THREAD,https://www.reddit.com/r/LoveIslandTV/comments/10swnkj/episode_19_friday_3rd_february_post_episode/,False,,712,Ron calling himself shy is like the cock calling himself quiet during sunrise.,111,1,1676142945
10tctu6,t3_10tctu6,Daily Discussion Thread 04-Feb-2023,/r/LoveIslandTV/comments/10tctu6/daily_discussion_thread_04feb2023/,1675505540,lhnunxp,aimhighsquatlow,False,DISCUSSION THREAD,https://www.reddit.com/r/LoveIslandTV/comments/10tctu6/daily_discussion_thread_04feb2023/,False,,81,,10,1,1676157113
10ulu7s,t3_10ulu7s,"S09E21 (Sunday 5th February) - ""It's decision time for Lana""",/r/LoveIslandTV/comments/10ulu7s/s09e21_sunday_5th_february_its_decision_time_for/,1675627218,gwcr8,mayallrob_,False,DISCUSSION THREAD,https://www.reddit.com/r/LoveIslandTV/comments/10ulu7s/s09e21_sunday_5th_february_its_decision_time_for/,False,,3282,"# Episode synopsis:

Two boys leave the villa, but things don't get any easier for the girls as a recoupling text arrives...

[Check out the first look on YouTube here!](https://www.youtube.com/watch?v=A5HFJghcGTs)

\------------

**Sub updates**

Ekin-Su and Joe Garratt will be back for another Talk tomorrow at 7pm! (...hopefully the automod won't delete it this time).

* [Ask your questions for the Q&A session here!](https://www.reddit.com/r/LoveIslandTV/comments/10tow6c/its_ekinsu_here_im_back_with_joe_garratt_on/)
* [If you missed the last episode, you can watch it in full on YouTube here!](https://www.youtube.com/watch?v=JhdUioCIXOY&t=13s)

\------------

**Other discussion threads:**

* [Previous episode discussion thread](https://www.reddit.com/r/LoveIslandTV/comments/10tpp2i/s09e20_saturday_4th_february_unseen_bits_week_3/)
* [Older discussion threads](https://www.reddit.com/r/LoveIslandTV/search?q=flair_name%3A%22DISCUSSION%20THREAD%22&restrict_sr=1&sort=new)

\------------

**Ways to watch**

* ^(FOR NON-UK VIEWERS - If you're trying to watch this episode from outside the UK, check out the Megathread) [^(here)](https://www.reddit.com/r/LoveIslandTV/comments/108mag0/how_to_watch_megathread_2023/) ^(to discuss other ways of watching.)",39,1,1676159846
10uov4w,t3_10uov4w,Episode 21 + Aftersun (Sunday 5th February) - Post Episode Discussion Thread üßµ,/r/LoveIslandTV/comments/10uov4w/episode_21_aftersun_sunday_5th_february_post/,1675634418,zram0,PrincessCG,False,DISCUSSION THREAD,https://www.reddit.com/r/LoveIslandTV/comments/10uov4w/episode_21_aftersun_sunday_5th_february_post/,False,1675634498,1284,"*I won‚Äôt need to fuck up with you just to realise what I‚Äôve got with you*

Casey, 10/10!",128,1,1676203265
10vgfth,t3_10vgfth,"S09E22 (Monday 6th February) - ""A challenge divides Olivia and Samie""",/r/LoveIslandTV/comments/10vgfth/s09e22_monday_6th_february_a_challenge_divides/,1675713617,gwcr8,mayallrob_,False,DISCUSSION THREAD,https://www.reddit.com/r/LoveIslandTV/comments/10vgfth/s09e22_monday_6th_february_a_challenge_divides/,False,,2649,"# Episode synopsis:

The boys muscle up for the LADIATORS challenge, but a sudden spill sparks shade between Olivia and Samie

[Check out the first look on YouTube here!](https://www.youtube.com/watch?v=TAej0G2a_hE)

\------------

**Other discussion threads:**

* [Previous episode discussion thread](https://www.reddit.com/r/LoveIslandTV/comments/10ulu7s/s09e21_sunday_5th_february_its_decision_time_for/)
* [Older discussion threads](https://www.reddit.com/r/LoveIslandTV/search?q=flair_name%3A%22DISCUSSION%20THREAD%22&restrict_sr=1&sort=new)

\------------

**Ways to watch**

* ^(FOR NON-UK VIEWERS - If you're trying to watch this episode from outside the UK, check out the Megathread) [^(here)](https://www.reddit.com/r/LoveIslandTV/comments/108mag0/how_to_watch_megathread_2023/) ^(to discuss other ways of watching.)",12,1,1676165203
10vjjo0,t3_10vjjo0,Episode 22 (Monday 6th February) - Post Episode Discussion Thread üßµ,/r/LoveIslandTV/comments/10vjjo0/episode_22_monday_6th_february_post_episode/,1675720793,zram0,PrincessCG,False,DISCUSSION THREAD,https://www.reddit.com/r/LoveIslandTV/comments/10vjjo0/episode_22_monday_6th_february_post_episode/,False,,624,Sammie got me soaked - phrasing!,20,1,1676153915
10vvdu9,t3_10vvdu9,Daily Discussion Thread,/r/LoveIslandTV/comments/10vvdu9/daily_discussion_thread/,1675753214,lhnunxp,aimhighsquatlow,False,DISCUSSION THREAD,https://www.reddit.com/r/LoveIslandTV/comments/10vvdu9/daily_discussion_thread/,False,1675754685,204,07 Feb 2023,17,1,1676203265
10wbew3,t3_10wbew3,"S09E23 (Tuesday 7th February) - ""Dirty Dancers is back... with a twist""",/r/LoveIslandTV/comments/10wbew3/s09e23_tuesday_7th_february_dirty_dancers_is_back/,1675799908,gwcr8,mayallrob_,False,DISCUSSION THREAD,https://www.reddit.com/r/LoveIslandTV/comments/10wbew3/s09e23_tuesday_7th_february_dirty_dancers_is_back/,False,,3965,"# Episode synopsis:

The firepit gets even  hotter as the Islanders show off their best moves, but a new arrival is  about to make an unexpected entrance...

[Check out the first look on YouTube here!](https://www.youtube.com/watch?v=e55iZ4vmvaQ)

\------------

**Sub updates:**

[Check out yesterdays' Reddit Talk with Ekin-Su and Joe Garratt here!](https://www.reddit.com/r/LoveIslandTV/comments/10ver5m/reddit_talk_with_ekinsu_and_joe_garratt/)

If you'd prefer, [you can also watch a video of some of the highlights here!](https://www.reddit.com/r/LoveIslandTV/comments/10wb0hp/was_so_much_fun_again_answering_your_questions/)

\------------

**Other discussion threads:**

* [Previous episode discussion thread](https://www.reddit.com/r/LoveIslandTV/comments/10vgfth/s09e22_monday_6th_february_a_challenge_divides/)
* [Older discussion threads](https://www.reddit.com/r/LoveIslandTV/search?q=flair_name%3A%22DISCUSSION%20THREAD%22&restrict_sr=1&sort=new)

\------------

**Ways to watch**

* ^(FOR NON-UK VIEWERS - If you're trying to watch this episode from outside the UK, check out the Megathread) [^(here)](https://www.reddit.com/r/LoveIslandTV/comments/108mag0/how_to_watch_megathread_2023/) ^(to discuss other ways of watching.)",43,1,1676157332
10wewgu,t3_10wewgu,Episode 23 (Tuesday 7th February) - Post Episode Discussion Thread üßµ,/r/LoveIslandTV/comments/10wewgu/episode_23_tuesday_7th_february_post_episode/,1675808139,zram0,PrincessCG,False,DISCUSSION THREAD,https://www.reddit.com/r/LoveIslandTV/comments/10wewgu/episode_23_tuesday_7th_february_post_episode/,False,,775,"Who raised your heart the most and why was it Tom, Tanya and Jessie?",42,1,1676143748
10xc6ux,t3_10xc6ux,Episode 24 (Wednesday 8th February) - Post Episode Discussion Thread üßµ,/r/LoveIslandTV/comments/10xc6ux/episode_24_wednesday_8th_february_post_episode/,1675893616,zram0,PrincessCG,False,DISCUSSION THREAD,https://www.reddit.com/r/LoveIslandTV/comments/10xc6ux/episode_24_wednesday_8th_february_post_episode/,False,,844,Who‚Äôs gonna go?,30,1,1676145412
10xo5po,t3_10xo5po,Daily Discussion Thread,/r/LoveIslandTV/comments/10xo5po/daily_discussion_thread/,1675926016,lhnunxp,aimhighsquatlow,False,DISCUSSION THREAD,https://www.reddit.com/r/LoveIslandTV/comments/10xo5po/daily_discussion_thread/,False,,239,,16,1,1676155748
10y4iy8,t3_10y4iy8,"S09E25 (Thursday 9th February) - ""The boys cook up a storm for the girls""",/r/LoveIslandTV/comments/10y4iy8/s09e25_thursday_9th_february_the_boys_cook_up_a/,1675972816,gwcr8,mayallrob_,False,DISCUSSION THREAD,https://www.reddit.com/r/LoveIslandTV/comments/10y4iy8/s09e25_thursday_9th_february_the_boys_cook_up_a/,False,,2802,"# Episode synopsis:

One girl heads home after the recoupling and the boys are feeling divided - especially when a dinner challenge comes their way! 

[Check out the first look on YouTube here!](https://www.youtube.com/watch?v=WwKsOtewmyA)

\------------

**Sub updates:**

[Check out Monday's Reddit Talk with Ekin-Su and Joe Garratt here!](https://www.reddit.com/r/LoveIslandTV/comments/10ver5m/reddit_talk_with_ekinsu_and_joe_garratt/)

If you'd prefer, you can also watch the highlights videos:

* [part one here](https://www.reddit.com/r/LoveIslandTV/comments/10wbeo4/joe_garratt_and_i_discussing_all_things_love/?utm_source=share&utm_medium=web2x&context=3)
* [part two here](https://www.reddit.com/r/LoveIslandTV/comments/10wb0hp/was_so_much_fun_again_answering_your_questions/?utm_source=share&utm_medium=web2x&context=3)

The full video will go live on [Ekin-Su's YouTube page](https://www.youtube.com/@ekin-suofficial) soon.

\------------

**Other discussion threads:**

* [Previous episode discussion thread](https://www.reddit.com/r/LoveIslandTV/comments/10x92bc/s09e24_wednesday_8th_february_claudia_makes_her/)
* [Older discussion threads](https://www.reddit.com/r/LoveIslandTV/search?q=flair_name%3A%22DISCUSSION%20THREAD%22&restrict_sr=1&sort=new)

\------------

**^(Ways to watch)**

* ^(FOR NON-UK VIEWERS - If you're trying to watch this episode from outside the UK, check out the Megathread) [^(here)](https://www.reddit.com/r/LoveIslandTV/comments/108mag0/how_to_watch_megathread_2023/) ^(to discuss other ways of watching.)",0,0,1676170585
10z1efx,t3_10z1efx,"S09E26 (Friday 10th February) - ""Tanya and Shaq fall out before a dramatic recoupling""",/r/LoveIslandTV/comments/10z1efx/s09e26_friday_10th_february_tanya_and_shaq_fall/,1676059217,gwcr8,mayallrob_,True,DISCUSSION THREAD,https://www.reddit.com/r/LoveIslandTV/comments/10z1efx/s09e26_friday_10th_february_tanya_and_shaq_fall/,False,,2036,"# Episode synopsis:

Is a rift forming between the villa's exclusive couple? And who could be packing their bags tonight?

[Check out the first look on YouTube here!](https://www.youtube.com/watch?v=5Bx0w0K8_BE)

\------------

**Other discussion threads:**

* [Previous episode discussion thread](https://www.reddit.com/r/LoveIslandTV/comments/10y4iy8/s09e25_thursday_9th_february_the_boys_cook_up_a/)
* [Older discussion threads](https://www.reddit.com/r/LoveIslandTV/search?q=flair_name%3A%22DISCUSSION%20THREAD%22&restrict_sr=1&sort=new)

\------------

**Ways to watch**

* ^(FOR NON-UK VIEWERS - If you're trying to watch this episode from outside the UK, check out the Megathread) [^(here)](https://www.reddit.com/r/LoveIslandTV/comments/108mag0/how_to_watch_megathread_2023/) ^(to discuss other ways of watching.)",25,1,1676161648
10zeqfq,t3_10zeqfq,Daily Discussion Thread,/r/LoveIslandTV/comments/10zeqfq/daily_discussion_thread/,1676098815,lhnunxp,aimhighsquatlow,False,DISCUSSION THREAD,https://www.reddit.com/r/LoveIslandTV/comments/10zeqfq/daily_discussion_thread/,False,,123,,13,1,1676333978
1109izt,t3_1109izt,Daily Discussion Thread,/r/LoveIslandTV/comments/1109izt/daily_discussion_thread/,1676185210,lhnunxp,aimhighsquatlow,False,DISCUSSION THREAD,https://www.reddit.com/r/LoveIslandTV/comments/1109izt/daily_discussion_thread/,False,,144,,11,1,1676333970
110rk6d,t3_110rk6d,Episode 28 + Aftersun (Sunday 12th February) - Post Episode Discussion Thread üßµ,/r/LoveIslandTV/comments/110rk6d/episode_28_aftersun_sunday_12th_february_post/,1676239272,zram0,PrincessCG,False,DISCUSSION THREAD,https://www.reddit.com/r/LoveIslandTV/comments/110rk6d/episode_28_aftersun_sunday_12th_february_post/,False,,880,It‚Äôs time for the ultimate test! Apparently‚Ä¶,22,1,1676333231
1111z4v,t3_1111z4v,Daily Discussion Thread,/r/LoveIslandTV/comments/1111z4v/daily_discussion_thread/,1676271616,lhnunxp,aimhighsquatlow,False,DISCUSSION THREAD,https://www.reddit.com/r/LoveIslandTV/comments/1111z4v/daily_discussion_thread/,False,,198,,17,1,1676502346
111ieg4,t3_111ieg4,"S09E29 (Monday 13th February) - ""The Casa Amor girls arrive""",/r/LoveIslandTV/comments/111ieg4/s09e29_monday_13th_february_the_casa_amor_girls/,1676318414,6l4z3,AutoModerator,False,DISCUSSION THREAD,https://www.reddit.com/r/LoveIslandTV/comments/111ieg4/s09e29_monday_13th_february_the_casa_amor_girls/,False,,2744,"# Episode synopsis:

""It's easier to ask for forgiveness than permission"" üëÄ 

\------------

**Other discussion threads:**

* [Previous episode discussion thread](https://www.reddit.com/r/LoveIslandTV/comments/110opwf/s09e28_sunday_12th_february_the_girls_sneak_off/)
* [Older discussion threads](https://www.reddit.com/r/LoveIslandTV/search?q=flair_name%3A%22DISCUSSION%20THREAD%22&restrict_sr=1&sort=new)

\------------

**Ways to watch**

* ^(FOR NON-UK VIEWERS - If you're trying to watch this episode from outside the UK, check out the Megathread) [^(here)](https://www.reddit.com/r/LoveIslandTV/comments/108mag0/how_to_watch_megathread_2023/) ^(to discuss other ways of watching.)",29,1,1676504322
111lc59,t3_111lc59,Episode 29 (Monday 13th February) - Post Episode Discussion Thread üßµ,/r/LoveIslandTV/comments/111lc59/episode_29_monday_13th_february_post_episode/,1676325614,tkj7ldek,MadManxAdam,False,DISCUSSION THREAD,https://www.reddit.com/r/LoveIslandTV/comments/111lc59/episode_29_monday_13th_february_post_episode/,False,,966,The girls having the time of their life's at Casa while the boys are just sitting looking miserable is one of the funniest bits of this season.,45,1,1676500143
111wdq7,t3_111wdq7,Daily Discussion Thread,/r/LoveIslandTV/comments/111wdq7/daily_discussion_thread/,1676358027,lhnunxp,aimhighsquatlow,False,DISCUSSION THREAD,https://www.reddit.com/r/LoveIslandTV/comments/111wdq7/daily_discussion_thread/,False,,220,,16,1,1676600916
112elp4,t3_112elp4,"S09E30 (Tuesday 14th February) - ""The Islanders start to stray""",/r/LoveIslandTV/comments/112elp4/s09e30_tuesday_14th_february_the_islanders_start/,1676404814,gwcr8,mayallrob_,False,DISCUSSION THREAD,https://www.reddit.com/r/LoveIslandTV/comments/112elp4/s09e30_tuesday_14th_february_the_islanders_start/,False,,4241,"# Episode synopsis:

The villas battle it out  as Raunchy Races returns, but deep chats later reveal the true feelings  behind their challenge choices...

[Watch the First Look on YouTube here!](https://www.youtube.com/watch?v=U5fOIDi66GE)

\------------

**Sub updates:**

New user flairs from Friday are now available!

\------------

**Other discussion threads:**

* [Previous episode discussion thread](https://www.reddit.com/r/LoveIslandTV/comments/111ieg4/s09e29_monday_13th_february_the_casa_amor_girls/)
* [Older discussion threads](https://www.reddit.com/r/LoveIslandTV/search?q=flair_name%3A%22DISCUSSION%20THREAD%22&restrict_sr=1&sort=new)

\------------

**Ways to watch**

* ^(FOR NON-UK VIEWERS - If you're trying to watch this episode from outside the UK, check out the Megathread) [^(here)](https://www.reddit.com/r/LoveIslandTV/comments/108mag0/how_to_watch_megathread_2023/) ^(to discuss other ways of watching.)",55,1,1676601598
112hpoo,t3_112hpoo,Episode 30 (Tuesday 14th February) - Post Episode Discussion Thread üßµ,/r/LoveIslandTV/comments/112hpoo/episode_30_tuesday_14th_february_post_episode/,1676412756,tkj7ldek,MadManxAdam,False,DISCUSSION THREAD,https://www.reddit.com/r/LoveIslandTV/comments/112hpoo/episode_30_tuesday_14th_february_post_episode/,False,,1077,"By the rate that chat was going between Will and Layla, Will was one drink away from asking her to dress as a sexy sheep. (Credit to u/mejj for that class comment.)",60,1,1676598322
112rw7j,t3_112rw7j,Daily Discussion Thread,/r/LoveIslandTV/comments/112rw7j/daily_discussion_thread/,1676444412,lhnunxp,aimhighsquatlow,False,DISCUSSION THREAD,https://www.reddit.com/r/LoveIslandTV/comments/112rw7j/daily_discussion_thread/,False,,290,,18,1,1676600901
11370to,t3_11370to,"S09E31 (Wednesday 15th February) - ""Terrace Tom returns...""",/r/LoveIslandTV/comments/11370to/s09e31_wednesday_15th_february_terrace_tom_returns/,1676491216,gwcr8,mayallrob_,False,DISCUSSION THREAD,https://www.reddit.com/r/LoveIslandTV/comments/11370to/s09e31_wednesday_15th_february_terrace_tom_returns/,False,,2643,"# Episode synopsis:

When the girls are away, the boys will play...

[Watch the First Look on YouTube here!](https://www.youtube.com/watch?v=41B9pXn4j0o)

\------------

**Sub updates:**

New user flairs from Friday are now available!

\------------

**Other discussion threads:**

* [Previous episode discussion thread](https://www.reddit.com/r/LoveIslandTV/comments/112elp4/s09e30_tuesday_14th_february_the_islanders_start/)
* [Older discussion threads](https://www.reddit.com/r/LoveIslandTV/search?q=flair_name%3A%22DISCUSSION%20THREAD%22&restrict_sr=1&sort=new)

\------------

**Ways to watch**

* ^(FOR NON-UK VIEWERS - If you're trying to watch this episode from outside the UK, check out the Megathread) [^(here)](https://www.reddit.com/r/LoveIslandTV/comments/108mag0/how_to_watch_megathread_2023/) ^(to discuss other ways of watching.)",43,1,1676604473
1139rsq,t3_1139rsq,Episode 31 (Wednesday 15th February) - Post Episode Discussion Thread üßµ,/r/LoveIslandTV/comments/1139rsq/episode_31_wednesday_15th_february_post_episode/,1676498363,tkj7ldek,MadManxAdam,False,DISCUSSION THREAD,https://www.reddit.com/r/LoveIslandTV/comments/1139rsq/episode_31_wednesday_15th_february_post_episode/,False,,1156,Tom has reportedly put an offer to ITV to have the terrace taken back to the UK alongside him to continue the legacy of Terrace Tom. TOMORROW IS THE DAY!!,45,1,1676596194
113khaw,t3_113khaw,Daily Discussion Thread,/r/LoveIslandTV/comments/113khaw/daily_discussion_thread/,1676530874,lhnunxp,aimhighsquatlow,False,DISCUSSION THREAD,https://www.reddit.com/r/LoveIslandTV/comments/113khaw/daily_discussion_thread/,False,,406,,12,1,1676598572
113zlc2,t3_113zlc2,"S09E32 (Thursday 16th February) - ""It's time for the ultimate recoupling""",/r/LoveIslandTV/comments/113zlc2/s09e32_thursday_16th_february_its_time_for_the/,1676577697,gwcr8,mayallrob_,False,DISCUSSION THREAD,https://www.reddit.com/r/LoveIslandTV/comments/113zlc2/s09e32_thursday_16th_february_its_time_for_the/,False,,7965,"# Episode synopsis:

As Casa Amor comes to an end, difficult decisions need to be made...

[Watch the First Look on YouTube here!](https://www.youtube.com/watch?v=EBi6D4X8zdc)

\------------

**Other discussion threads:**

* [Previous episode discussion thread](https://www.reddit.com/r/LoveIslandTV/comments/11370to/s09e31_wednesday_15th_february_terrace_tom_returns/)
* [Older discussion threads](https://www.reddit.com/r/LoveIslandTV/search?q=flair_name%3A%22DISCUSSION%20THREAD%22&restrict_sr=1&sort=new)

\------------

**Ways to watch**

* ^(FOR NON-UK VIEWERS - If you're trying to watch this episode from outside the UK, check out the Megathread) [^(here)](https://www.reddit.com/r/LoveIslandTV/comments/108mag0/how_to_watch_megathread_2023/) ^(to discuss other ways of watching.)",61,1,1676834750
1142tj1,t3_1142tj1,Episode 32 (Thursday 16th February) - Post Episode Discussion Thread üßµ,/r/LoveIslandTV/comments/1142tj1/episode_32_thursday_16th_february_post_episode/,1676585856,tkj7ldek,MadManxAdam,False,DISCUSSION THREAD,https://www.reddit.com/r/LoveIslandTV/comments/1142tj1/episode_32_thursday_16th_february_post_episode/,False,,1562,Casa is over and the islanders are reunited..but not all couples are gonna have their happy ever after. Also Tanya trying to chance her luck made me cackle.,77,1,1676832090
114d6i3,t3_114d6i3,Daily Discussion Thread,/r/LoveIslandTV/comments/114d6i3/daily_discussion_thread/,1676617289,lhnunxp,aimhighsquatlow,False,DISCUSSION THREAD,https://www.reddit.com/r/LoveIslandTV/comments/114d6i3/daily_discussion_thread/,False,,441,,19,1,1676834176
114w33t,t3_114w33t,"S09E33 (Friday 17th February) - ""The Casa Amor girls spill the tea ‚òïÔ∏è""",/r/LoveIslandTV/comments/114w33t/s09e33_friday_17th_february_the_casa_amor_girls/,1676664105,gwcr8,mayallrob_,False,DISCUSSION THREAD,https://www.reddit.com/r/LoveIslandTV/comments/114w33t/s09e33_friday_17th_february_the_casa_amor_girls/,False,,4830,"# Episode synopsis:

What happens in Casa Amor stays in Casa Amor, until it doesn't... 

[Watch the First Look on YouTube here!](https://www.youtube.com/watch?v=j4VYbfeJTk0)

\------------

**Sub updates**

You may have heard that [Davide whisked Ekin-Su away to the Maldives](https://www.instagram.com/p/CosOFlDAyRu/?hl=en) on holiday. As a result, we've changed the date of her next Reddit Talk with Joe Garratt - they'll join us on Friday 24th for the next instalment! 

\------------

**Other discussion threads:**

* [Previous episode discussion thread](https://www.reddit.com/r/LoveIslandTV/comments/113zlc2/s09e32_thursday_16th_february_its_time_for_the/)
* [Older discussion threads](https://www.reddit.com/r/LoveIslandTV/search?q=flair_name%3A%22DISCUSSION%20THREAD%22&restrict_sr=1&sort=new)

\------------

**Ways to watch**

* ^(FOR NON-UK VIEWERS - If you're trying to watch this episode from outside the UK, check out the Megathread) [^(here)](https://www.reddit.com/r/LoveIslandTV/comments/108mag0/how_to_watch_megathread_2023/) ^(to discuss other ways of watching.)",48,1,1676840911
114zb30,t3_114zb30,Episode 33 (Friday 17th February) - Post Episode Discussion Thread üßµ,/r/LoveIslandTV/comments/114zb30/episode_33_friday_17th_february_post_episode/,1676672294,tkj7ldek,MadManxAdam,False,DISCUSSION THREAD,https://www.reddit.com/r/LoveIslandTV/comments/114zb30/episode_33_friday_17th_february_post_episode/,False,,1147,Am I your speedbump or are you just unhappy to see me?,52,1,1676832584
1159bdm,t3_1159bdm,Daily Discussion Thread,/r/LoveIslandTV/comments/1159bdm/daily_discussion_thread/,1676703682,lhnunxp,aimhighsquatlow,False,DISCUSSION THREAD,https://www.reddit.com/r/LoveIslandTV/comments/1159bdm/daily_discussion_thread/,False,,409,,14,1,1676834303
115ojq4,t3_115ojq4,S09E34 (Saturday 18th February) - Unseen Bits: Week 5,/r/LoveIslandTV/comments/115ojq4/s09e34_saturday_18th_february_unseen_bits_week_5/,1676750504,gwcr8,mayallrob_,False,DISCUSSION THREAD,https://www.reddit.com/r/LoveIslandTV/comments/115ojq4/s09e34_saturday_18th_february_unseen_bits_week_5/,False,,212,"# Episode synopsis:

Exclusive unseen action from inside the villa, featuring gossip, drama, fighting, flirting and romance galore 

\------------

**Sub updates**

You may have heard that [Davide whisked Ekin-Su away to the Maldives](https://www.instagram.com/p/CosOFlDAyRu/?hl=en)

 on holiday. As a result, we've changed the date of her next Reddit Talk  with Joe Garratt - they'll join us on Friday 24th for the next  instalment!

\------------

**Other discussion threads:**

* [Previous episode discussion thread](https://www.reddit.com/r/LoveIslandTV/comments/114w33t/s09e33_friday_17th_february_the_casa_amor_girls/)
* [Older discussion threads](https://www.reddit.com/r/LoveIslandTV/search?q=flair_name%3A%22DISCUSSION%20THREAD%22&restrict_sr=1&sort=new)

\------------

**Ways to watch**

* ^(FOR NON-UK VIEWERS - If you're trying to watch this episode from outside the UK, check out the Megathread) [^(here)](https://www.reddit.com/r/LoveIslandTV/comments/108mag0/how_to_watch_megathread_2023/) ^(to discuss other ways of watching.)",21,1,1676971702
11641zo,t3_11641zo,Daily Discussion Thread,/r/LoveIslandTV/comments/11641zo/daily_discussion_thread/,1676790072,lhnunxp,aimhighsquatlow,False,DISCUSSION THREAD,https://www.reddit.com/r/LoveIslandTV/comments/11641zo/daily_discussion_thread/,False,,306,,9,1,1676969825
116mfb7,t3_116mfb7,"S09E35 (Sunday 19th February) - ""Will and Tom graft to get their girls back""",/r/LoveIslandTV/comments/116mfb7/s09e35_sunday_19th_february_will_and_tom_graft_to/,1676836914,gwcr8,mayallrob_,False,DISCUSSION THREAD,https://www.reddit.com/r/LoveIslandTV/comments/116mfb7/s09e35_sunday_19th_february_will_and_tom_graft_to/,False,,3848,"# Episode synopsis:

After heated chats with Jessie and Samie, Will and Tom have got some serious making up to do...

\------------

**Sub updates**

Ekin-Su and Joe will be back for their next Reddit Talk on **Thursday 23rd!**

\------------

**Other discussion threads:**

* [Previous episode discussion thread](https://www.reddit.com/r/LoveIslandTV/comments/115ojq4/s09e34_saturday_18th_february_unseen_bits_week_5/)
* [Older discussion threads](https://www.reddit.com/r/LoveIslandTV/search?q=flair_name%3A%22DISCUSSION%20THREAD%22&restrict_sr=1&sort=new)

\------------

**Ways to watch**

* ^(FOR NON-UK VIEWERS - If you're trying to watch this episode from outside the UK, check out the Megathread) [^(here)](https://www.reddit.com/r/LoveIslandTV/comments/108mag0/how_to_watch_megathread_2023/) ^(to discuss other ways of watching.)",32,1,1677078255
116p7yb,t3_116p7yb,Episode 34 + Aftersun (Sunday 19th February) - Post Episode Discussion Thread üßµ,/r/LoveIslandTV/comments/116p7yb/episode_34_aftersun_sunday_19th_february_post/,1676843967,tkj7ldek,MadManxAdam,False,DISCUSSION THREAD,https://www.reddit.com/r/LoveIslandTV/comments/116p7yb/episode_34_aftersun_sunday_19th_february_post/,False,1676844274,1411,Those gestures were‚Ä¶something,28,1,1677074161
11708d0,t3_11708d0,Daily Discussion Thread,/r/LoveIslandTV/comments/11708d0/daily_discussion_thread/,1676876507,lhnunxp,aimhighsquatlow,False,DISCUSSION THREAD,https://www.reddit.com/r/LoveIslandTV/comments/11708d0/daily_discussion_thread/,False,,395,,12,1,1677077862
117iwvj,t3_117iwvj,"S09E36 (Monday 20th February) - ""The Islanders get a VIP party with Jax Jones!""",/r/LoveIslandTV/comments/117iwvj/s09e36_monday_20th_february_the_islanders_get_a/,1676923313,gwcr8,mayallrob_,False,DISCUSSION THREAD,https://www.reddit.com/r/LoveIslandTV/comments/117iwvj/s09e36_monday_20th_february_the_islanders_get_a/,False,,3247,"# Episode synopsis:

Martin's got his concerns about Tanya and Shaq, but the mood changes when a VIP touches down in the villa! 

\------------

**Sub updates**

Ekin-Su and Joe will be back for their next Reddit Talk on **Thursday 23rd!**

\------------

**Other discussion threads:**

* [Previous episode discussion thread](https://www.reddit.com/r/LoveIslandTV/comments/116mfb7/s09e35_sunday_19th_february_will_and_tom_graft_to/)
* [Older discussion threads](https://www.reddit.com/r/LoveIslandTV/search?q=flair_name%3A%22DISCUSSION%20THREAD%22&restrict_sr=1&sort=new)

\------------

**Ways to watch**

* ^(FOR NON-UK VIEWERS - If you're trying to watch this episode from outside the UK, check out the Megathread) [^(here)](https://www.reddit.com/r/LoveIslandTV/comments/108mag0/how_to_watch_megathread_2023/) ^(to discuss other ways of watching.)",37,1,1677139176
117lwll,t3_117lwll,Episode 36 (Monday 20th February) - Post Episode Discussion Thread üßµ,/r/LoveIslandTV/comments/117lwll/episode_36_monday_20th_february_post_episode/,1676930430,tkj7ldek,MadManxAdam,False,DISCUSSION THREAD,https://www.reddit.com/r/LoveIslandTV/comments/117lwll/episode_36_monday_20th_february_post_episode/,False,,683,"Tanya running downstairs and thinking she was quiet, LOL. DRAMA TOMORROW.

&#x200B;

 Just a reminder to remind members of the sub to check the words you're calling islanders before sending them. Olivia and Tanya are human too and although you may disagree with some decisions they've made, calling them horrific words is not acceptable in this sub.",50,1,1677136125
117x3h6,t3_117x3h6,Daily Discussion Thread,/r/LoveIslandTV/comments/117x3h6/daily_discussion_thread/,1676962880,lhnunxp,aimhighsquatlow,False,DISCUSSION THREAD,https://www.reddit.com/r/LoveIslandTV/comments/117x3h6/daily_discussion_thread/,False,,405,,13,1,1677138378
118dl8j,t3_118dl8j,"S09E37 (Tuesday 21st February) - ""Tensions rise between Martin and Tanya""",/r/LoveIslandTV/comments/118dl8j/s09e37_tuesday_21st_february_tensions_rise/,1677009708,gwcr8,mayallrob_,False,DISCUSSION THREAD,https://www.reddit.com/r/LoveIslandTV/comments/118dl8j/s09e37_tuesday_21st_february_tensions_rise/,False,,2410,"# Episode synopsis:

""You never told me you were a liar""

\------------

**Other discussion threads:**

* [Previous episode discussion thread](https://www.reddit.com/r/LoveIslandTV/comments/117iwvj/s09e36_monday_20th_february_the_islanders_get_a/)
* [Older discussion threads](https://www.reddit.com/r/LoveIslandTV/search?q=flair_name%3A%22DISCUSSION%20THREAD%22&restrict_sr=1&sort=new)

\------------

**Ways to watch**

* ^(FOR NON-UK VIEWERS - If you're trying to watch this episode from outside the UK, check out the Megathread) [^(here)](https://www.reddit.com/r/LoveIslandTV/comments/108mag0/how_to_watch_megathread_2023/) ^(to discuss other ways of watching.)",34,1,1677239957
118ger4,t3_118ger4,Episode 37 (Tuesday 21st February) - Post Episode Discussion Thread üßµ,/r/LoveIslandTV/comments/118ger4/episode_37_tuesday_21st_february_post_episode/,1677016853,tkj7ldek,MadManxAdam,False,DISCUSSION THREAD,https://www.reddit.com/r/LoveIslandTV/comments/118ger4/episode_37_tuesday_21st_february_post_episode/,False,,932,Casey... *What was your thought process behind that?*,26,1,1677235080
118riu3,t3_118riu3,Daily Discussion Thread,/r/LoveIslandTV/comments/118riu3/daily_discussion_thread/,1677049270,lhnunxp,aimhighsquatlow,False,DISCUSSION THREAD,https://www.reddit.com/r/LoveIslandTV/comments/118riu3/daily_discussion_thread/,False,,402,,16,1,1677236161
119adjr,t3_119adjr,"S09E38 (Wednesday 22nd February) - ""Movie Night shakes up the villa üçø""",/r/LoveIslandTV/comments/119adjr/s09e38_wednesday_22nd_february_movie_night_shakes/,1677096092,gwcr8,mayallrob_,False,DISCUSSION THREAD,https://www.reddit.com/r/LoveIslandTV/comments/119adjr/s09e38_wednesday_22nd_february_movie_night_shakes/,False,,4966,"# Episode synopsis:

What secrets have the Islanders been keeping? Movie night is about to reveal them all... 

[Watch the first look on YouTube here!](https://www.youtube.com/watch?v=owNiNhP0vEo)

\------------

**Other discussion threads:**

* [Previous episode discussion thread](https://www.reddit.com/r/LoveIslandTV/comments/118dl8j/s09e37_tuesday_21st_february_tensions_rise/)
* [Older discussion threads](https://www.reddit.com/r/LoveIslandTV/search?q=flair_name%3A%22DISCUSSION%20THREAD%22&restrict_sr=1&sort=new)

\------------

**Ways to watch**

* ^(FOR NON-UK VIEWERS - If you're trying to watch this episode from outside the UK, check out the Megathread) [^(here)](https://www.reddit.com/r/LoveIslandTV/comments/108mag0/how_to_watch_megathread_2023/) ^(to discuss other ways of watching.)",49,1,1677498496
119f5bf,t3_119f5bf,Episode 38 (Wednesday 22nd February) - Post Episode Discussion Thread üßµ,/r/LoveIslandTV/comments/119f5bf/episode_38_wednesday_22nd_february_post_episode/,1677103171,tkj7ldek,MadManxAdam,False,DISCUSSION THREAD,https://www.reddit.com/r/LoveIslandTV/comments/119f5bf/episode_38_wednesday_22nd_february_post_episode/,False,,1218,Anybody else tired of movie night always being spilt between 2 episodes?? I'd rather have a filler episode then a full episode of movie night.,157,1,1677489792
119r8eg,t3_119r8eg,Daily Discussion Thread,/r/LoveIslandTV/comments/119r8eg/daily_discussion_thread/,1677135674,lhnunxp,aimhighsquatlow,False,DISCUSSION THREAD,https://www.reddit.com/r/LoveIslandTV/comments/119r8eg/daily_discussion_thread/,False,,403,,15,1,1677495509
11a75z7,t3_11a75z7,"S09E39 (Thursday 23rd February) - ""Movie night reveals Will and Tom's antics""",/r/LoveIslandTV/comments/11a75z7/s09e39_thursday_23rd_february_movie_night_reveals/,1677182508,gwcr8,mayallrob_,False,DISCUSSION THREAD,https://www.reddit.com/r/LoveIslandTV/comments/11a75z7/s09e39_thursday_23rd_february_movie_night_reveals/,False,,6478,"# Episode synopsis:

Jessie and Samie are faced with some hard Casa Amor truths in another night of movie mayhem...

[Watch the First Look on YouTube here!](https://www.youtube.com/watch?v=3a5F24SU5go)

\------------

**Other discussion threads:**

* [Previous episode discussion thread](https://www.reddit.com/r/LoveIslandTV/comments/119adjr/s09e38_wednesday_22nd_february_movie_night_shakes/)
* [Older discussion threads](https://www.reddit.com/r/LoveIslandTV/search?q=flair_name%3A%22DISCUSSION%20THREAD%22&restrict_sr=1&sort=new)

\------------

**Ways to watch**

* ^(FOR NON-UK VIEWERS - If you're trying to watch this episode from outside the UK, check out the Megathread) [^(here)](https://www.reddit.com/r/LoveIslandTV/comments/108mag0/how_to_watch_megathread_2023/) ^(to discuss other ways of watching.)",85,1,1677496559
11aag0y,t3_11aag0y,Episode 39 (Thursday 23rd February) - Post Episode Discussion Thread üßµ,/r/LoveIslandTV/comments/11aag0y/episode_39_thursday_23rd_february_post_episode/,1677190543,tkj7ldek,MadManxAdam,False,DISCUSSION THREAD,https://www.reddit.com/r/LoveIslandTV/comments/11aag0y/episode_39_thursday_23rd_february_post_episode/,False,,931,Movie night came and went so fast....,43,1,1677490114
11al39d,t3_11al39d,Daily Discussion Thread,/r/LoveIslandTV/comments/11al39d/daily_discussion_thread/,1677222084,lhnunxp,aimhighsquatlow,False,DISCUSSION THREAD,https://www.reddit.com/r/LoveIslandTV/comments/11al39d/daily_discussion_thread/,False,,574,,10,1,1677494158
11b0jro,t3_11b0jro,"S09E40 (Friday 24th February) - ""Two new bombshells rattle the couples""",/r/LoveIslandTV/comments/11b0jro/s09e40_friday_24th_february_two_new_bombshells/,1677268927,gwcr8,mayallrob_,False,DISCUSSION THREAD,https://www.reddit.com/r/LoveIslandTV/comments/11b0jro/s09e40_friday_24th_february_two_new_bombshells/,False,,3180,"# Episode synopsis:

Rosie and Keanan are straight on job, and they couldn't have come at a worse time for some of the couples..

[Watch the First Look on YouTube here!](https://www.youtube.com/watch?v=CgOLrK2aBoE)

\------------

**Sub updates**

[Put it in your diaries - Ekin-Su and Joe will be back for another Reddit Talk on Monday 27th at 7pm!](https://www.reddit.com/r/LoveIslandTV/comments/1195fia/hey_everyone_sorry_were_moving_our_reddit_talk/)

\------------

**Other discussion threads:**

* [Previous episode discussion thread](https://www.reddit.com/r/LoveIslandTV/comments/11a75z7/s09e39_thursday_23rd_february_movie_night_reveals/)
* [Older discussion threads](https://www.reddit.com/r/LoveIslandTV/search?q=flair_name%3A%22DISCUSSION%20THREAD%22&restrict_sr=1&sort=new)

\------------

**Ways to watch**

* ^(FOR NON-UK VIEWERS - If you're trying to watch this episode from outside the UK, check out the Megathread) [^(here)](https://www.reddit.com/r/LoveIslandTV/comments/108mag0/how_to_watch_megathread_2023/) ^(to discuss other ways of watching.)",34,1,1677500231
11b3sm5,t3_11b3sm5,Episode 40 (Friday 24th February) - Post Episode Discussion Thread üßµ,/r/LoveIslandTV/comments/11b3sm5/episode_40_friday_24th_february_post_episode/,1677276989,tkj7ldek,MadManxAdam,False,DISCUSSION THREAD,https://www.reddit.com/r/LoveIslandTV/comments/11b3sm5/episode_40_friday_24th_february_post_episode/,False,1677277304,585,"i‚Äôm not gonna say it was the best experience of my life because it wasn't‚Ä¶yeah martin, we all agree with you.",88,1,1677491372
11bemmj,t3_11bemmj,Daily Discussion Thread,/r/LoveIslandTV/comments/11bemmj/daily_discussion_thread/,1677308493,lhnunxp,aimhighsquatlow,False,DISCUSSION THREAD,https://www.reddit.com/r/LoveIslandTV/comments/11bemmj/daily_discussion_thread/,False,,281,,21,1,1677495531
11bu6d3,t3_11bu6d3,S09E41 (Saturday 25th February) - Unseen Bits: Week 6,/r/LoveIslandTV/comments/11bu6d3/s09e41_saturday_25th_february_unseen_bits_week_6/,1677355299,gwcr8,mayallrob_,False,DISCUSSION THREAD,https://www.reddit.com/r/LoveIslandTV/comments/11bu6d3/s09e41_saturday_25th_february_unseen_bits_week_6/,False,,268,"# Episode synopsis:

Exclusive unseen action from inside the villa, featuring gossip, drama, fighting, flirting and romance galore 

\------------

**Sub updates**

[Put it in your diaries - Ekin-Su and Joe will be back for another Reddit Talk on Monday 27th at 7pm!](https://www.reddit.com/r/LoveIslandTV/comments/1195fia/hey_everyone_sorry_were_moving_our_reddit_talk/)

\------------

**Other discussion threads:**

* [Previous episode discussion thread](https://www.reddit.com/r/LoveIslandTV/comments/11b0jro/s09e40_friday_24th_february_two_new_bombshells/)
* [Older discussion threads](https://www.reddit.com/r/LoveIslandTV/search?q=flair_name%3A%22DISCUSSION%20THREAD%22&restrict_sr=1&sort=new)

\------------

**Ways to watch**

* ^(FOR NON-UK VIEWERS - If you're trying to watch this episode from outside the UK, check out the Megathread) [^(here)](https://www.reddit.com/r/LoveIslandTV/comments/108mag0/how_to_watch_megathread_2023/) ^(to discuss other ways of watching.)",16,1,1677605230
11c7uvc,t3_11c7uvc,Daily Discussion Thread,/r/LoveIslandTV/comments/11c7uvc/daily_discussion_thread/,1677394877,lhnunxp,aimhighsquatlow,False,DISCUSSION THREAD,https://www.reddit.com/r/LoveIslandTV/comments/11c7uvc/daily_discussion_thread/,False,,135,,13,1,1677601728
11cr1g2,t3_11cr1g2,"S09E42 (Sunday 26th February) - ""Casey's caught in a triangle with Claudia and Rosie""",/r/LoveIslandTV/comments/11cr1g2/s09e42_sunday_26th_february_caseys_caught_in_a/,1677441721,gwcr8,mayallrob_,False,DISCUSSION THREAD,https://www.reddit.com/r/LoveIslandTV/comments/11cr1g2/s09e42_sunday_26th_february_caseys_caught_in_a/,False,,1679,"# Episode synopsis:

Love triangle alert! Casey's got a choice to make as Claudia and Rosie both battle for his affection

[Watch the First Look on YouTube here!](https://www.youtube.com/watch?v=KnOsfu1JL8Y)

\------------

**Sub updates**

[Put it in your diaries - Ekin-Su and Joe will be back for another Reddit Talk on Monday 27th at 7pm!](https://www.reddit.com/r/LoveIslandTV/comments/1195fia/hey_everyone_sorry_were_moving_our_reddit_talk/)

\------------

**Other discussion threads:**

* [Previous episode discussion thread](https://www.reddit.com/r/LoveIslandTV/comments/11bu6d3/s09e41_saturday_25th_february_unseen_bits_week_6/)
* [Older discussion threads](https://www.reddit.com/r/LoveIslandTV/search?q=flair_name%3A%22DISCUSSION%20THREAD%22&restrict_sr=1&sort=new)

\------------

**Ways to watch**

* ^(FOR NON-UK VIEWERS - If you're trying to watch this episode from outside the UK, check out the Megathread) [^(here)](https://www.reddit.com/r/LoveIslandTV/comments/108mag0/how_to_watch_megathread_2023/) ^(to discuss other ways of watching.)",6,1,1677659772
11cu3jz,t3_11cu3jz,Episode 41 + Aftersun (Sunday 26th February) - Post Episode Discussion Thread üßµ,/r/LoveIslandTV/comments/11cu3jz/episode_41_aftersun_sunday_26th_february_post/,1677448843,tkj7ldek,MadManxAdam,False,DISCUSSION THREAD,https://www.reddit.com/r/LoveIslandTV/comments/11cu3jz/episode_41_aftersun_sunday_26th_february_post/,False,,782,Anybody else waiting for a public vote??,44,1,1677656319
11d5cjm,t3_11d5cjm,Daily Discussion Thread,/r/LoveIslandTV/comments/11d5cjm/daily_discussion_thread/,1677481297,lhnunxp,aimhighsquatlow,False,DISCUSSION THREAD,https://www.reddit.com/r/LoveIslandTV/comments/11d5cjm/daily_discussion_thread/,False,,232,,12,1,1677657567
11dlyzp,t3_11dlyzp,"S09E43 (Monday 27th February) - ""Big decisions are made in Snog, Marry, Pie ü•ß""",/r/LoveIslandTV/comments/11dlyzp/s09e43_monday_27th_february_big_decisions_are/,1677529823,gwcr8,mayallrob_,False,DISCUSSION THREAD,https://www.reddit.com/r/LoveIslandTV/comments/11dlyzp/s09e43_monday_27th_february_big_decisions_are/,False,,2622,"# Episode synopsis:

 Things get messy as the Islanders make their mark in a classic challenge, but who will Casey choose when his turn comes?

[Watch the First Look on YouTube here!](https://www.youtube.com/watch?v=7CVaKQaYnU8)

\------------

**Other discussion threads:**

* [Previous episode discussion thread](https://www.reddit.com/r/LoveIslandTV/comments/11cr1g2/s09e42_sunday_26th_february_caseys_caught_in_a/)
* [Older discussion threads](https://www.reddit.com/r/LoveIslandTV/search?q=flair_name%3A%22DISCUSSION%20THREAD%22&restrict_sr=1&sort=new)

\------------

**Ways to watch**

* ^(FOR NON-UK VIEWERS - If you're trying to watch this episode from outside the UK, check out the Megathread) [^(here)](https://www.reddit.com/r/LoveIslandTV/comments/108mag0/how_to_watch_megathread_2023/) ^(to discuss other ways of watching.)",18,1,1677658711
11do8re,t3_11do8re,Episode 43 (Monday 27th February) - Post Episode Discussion Thread üßµ,/r/LoveIslandTV/comments/11do8re/episode_43_monday_27th_february_post_episode/,1677535254,bqh8v9ol,DontFWithMeImPetty,False,DISCUSSION THREAD,https://www.reddit.com/r/LoveIslandTV/comments/11do8re/episode_43_monday_27th_february_post_episode/,False,,612,,19,1,1677656959
11dzjn9,t3_11dzjn9,Daily Discussion Thread,/r/LoveIslandTV/comments/11dzjn9/daily_discussion_thread/,1677567686,lhnunxp,aimhighsquatlow,False,DISCUSSION THREAD,https://www.reddit.com/r/LoveIslandTV/comments/11dzjn9/daily_discussion_thread/,False,,222,,16,1,1677657503
11eiax9,t3_11eiax9,"S09E44 (Tuesday 28th February) - ""Jessie calls out Casey""",/r/LoveIslandTV/comments/11eiax9/s09e44_tuesday_28th_february_jessie_calls_out/,1677614514,gwcr8,mayallrob_,False,DISCUSSION THREAD,https://www.reddit.com/r/LoveIslandTV/comments/11eiax9/s09e44_tuesday_28th_february_jessie_calls_out/,False,,4536,"# Episode synopsis:

While unexpected tension rises between Jessie and Casey, Keanan asks Rosie to keep their connection quiet... but can she? 

[Watch the First Look on YouTube here!](https://www.youtube.com/watch?v=peeFY2FSqUU)

\------------

**Sub updates**

Miss the Ekin-Su and Joe chat yesterday? [Catch the recording here!](https://www.reddit.com/r/LoveIslandTV/comments/11djnyx/reddit_talk_with_ekinsu_and_joe_garratt/)

\------------

**Other discussion threads:**

* [Previous episode discussion thread](https://www.reddit.com/r/LoveIslandTV/comments/11dlyzp/s09e43_monday_27th_february_big_decisions_are/)
* [Older discussion threads](https://www.reddit.com/r/LoveIslandTV/search?q=flair_name%3A%22DISCUSSION%20THREAD%22&restrict_sr=1&sort=new)

\------------

**Ways to watch**

* ^(FOR NON-UK VIEWERS - If you're trying to watch this episode from outside the UK, check out the Megathread) [^(here)](https://www.reddit.com/r/LoveIslandTV/comments/108mag0/how_to_watch_megathread_2023/) ^(to discuss other ways of watching.)",33,1,1677885566
11elcg5,t3_11elcg5,Episode 44 (Tuesday 28th February) - Post Episode Discussion Thread üßµ,/r/LoveIslandTV/comments/11elcg5/episode_44_tuesday_28th_february_post_episode/,1677621657,bqh8v9ol,DontFWithMeImPetty,False,DISCUSSION THREAD,https://www.reddit.com/r/LoveIslandTV/comments/11elcg5/episode_44_tuesday_28th_february_post_episode/,False,,1088,,13,1,1677869994
11ex1hb,t3_11ex1hb,Daily Discussion Thread,/r/LoveIslandTV/comments/11ex1hb/daily_discussion_thread/,1677654084,lhnunxp,aimhighsquatlow,False,DISCUSSION THREAD,https://www.reddit.com/r/LoveIslandTV/comments/11ex1hb/daily_discussion_thread/,False,,463,,15,1,1677876491
11ffwxp,t3_11ffwxp,"S09E45 (Wednesday 1st March) - ""Maya crashes the Islanders' beach club party""",/r/LoveIslandTV/comments/11ffwxp/s09e45_wednesday_1st_march_maya_crashes_the/,1677700926,gwcr8,mayallrob_,False,DISCUSSION THREAD,https://www.reddit.com/r/LoveIslandTV/comments/11ffwxp/s09e45_wednesday_1st_march_maya_crashes_the/,False,,5347,"# Episode synopsis:

There's more trouble in  paradise as Will quizzes Maxwell, and Maya arrives with BIG news just as  the beach club fun is getting started...

[Watch the First Look on YouTube here!](https://www.youtube.com/watch?v=1xaEf7W6BPU)

\------------

**Sub updates**

Miss the Ekin-Su and Joe chat yesterday? [Catch the recording here!](https://www.reddit.com/r/LoveIslandTV/comments/11djnyx/reddit_talk_with_ekinsu_and_joe_garratt/)

\------------

**Other discussion threads:**

* [Previous episode discussion thread](https://www.reddit.com/r/LoveIslandTV/comments/11eiax9/s09e44_tuesday_28th_february_jessie_calls_out/)
* [Older discussion threads](https://www.reddit.com/r/LoveIslandTV/search?q=flair_name%3A%22DISCUSSION%20THREAD%22&restrict_sr=1&sort=new)

\------------

**Ways to watch**

* ^(FOR NON-UK VIEWERS - If you're trying to watch this episode from outside the UK, check out the Megathread) [^(here)](https://www.reddit.com/r/LoveIslandTV/comments/108mag0/how_to_watch_megathread_2023/) ^(to discuss other ways of watching.)",53,1,1677880573
11fjise,t3_11fjise,Episode 45 (Wednesday 1st March) - Post Episode Discussion Thread üßµ,/r/LoveIslandTV/comments/11fjise/episode_45_wednesday_1st_march_post_episode/,1677708033,bqh8v9ol,DontFWithMeImPetty,False,DISCUSSION THREAD,https://www.reddit.com/r/LoveIslandTV/comments/11fjise/episode_45_wednesday_1st_march_post_episode/,False,,1032,,32,1,1677869520
11fvwvf,t3_11fvwvf,Daily Discussion Thread,/r/LoveIslandTV/comments/11fvwvf/daily_discussion_thread/,1677740473,lhnunxp,aimhighsquatlow,False,DISCUSSION THREAD,https://www.reddit.com/r/LoveIslandTV/comments/11fvwvf/daily_discussion_thread/,False,,505,,10,1,1677973031
11gccza,t3_11gccza,"S09E46 (Thursday 2nd March) - ""Olivia and Maxwell dump two more Islanders""",/r/LoveIslandTV/comments/11gccza/s09e46_thursday_2nd_march_olivia_and_maxwell_dump/,1677787322,gwcr8,mayallrob_,False,DISCUSSION THREAD,https://www.reddit.com/r/LoveIslandTV/comments/11gccza/s09e46_thursday_2nd_march_olivia_and_maxwell_dump/,False,,2824,"# Episode synopsis:

Get ready for a lot of empty beds tonight, as Olivia and Maxwell pick two more Islanders to head home with them... 

[Watch the First Look on YouTube here!](https://www.youtube.com/watch?v=jidV5RQNTeo)

\------------

**Sub updates**

Missed the Ekin-Su and Joe chat yesterday? [Catch the recording here!](https://www.reddit.com/r/LoveIslandTV/comments/11djnyx/reddit_talk_with_ekinsu_and_joe_garratt/)

\------------

**Other discussion threads:**

* [Previous episode discussion thread](https://www.reddit.com/r/LoveIslandTV/comments/11ffwxp/s09e45_wednesday_1st_march_maya_crashes_the/)
* [Older discussion threads](https://www.reddit.com/r/LoveIslandTV/search?q=flair_name%3A%22DISCUSSION%20THREAD%22&restrict_sr=1&sort=new)

\------------

**Ways to watch**

* ^(FOR NON-UK VIEWERS - If you're trying to watch this episode from outside the UK, check out the Megathread) [^(here)](https://www.reddit.com/r/LoveIslandTV/comments/108mag0/how_to_watch_megathread_2023/) ^(to discuss other ways of watching.)",20,1,1677974287
11gfmwb,t3_11gfmwb,Episode 46 (Thursday 2nd March) - Post Episode Discussion Thread üßµ,/r/LoveIslandTV/comments/11gfmwb/episode_46_thursday_2nd_march_post_episode/,1677794470,zram0,PrincessCG,False,DISCUSSION THREAD,https://www.reddit.com/r/LoveIslandTV/comments/11gfmwb/episode_46_thursday_2nd_march_post_episode/,False,,727,,14,1,1677972481
11gu3lo,t3_11gu3lo,Daily Discussion Thread,/r/LoveIslandTV/comments/11gu3lo/daily_discussion_thread/,1677826898,lhnunxp,aimhighsquatlow,False,DISCUSSION THREAD,https://www.reddit.com/r/LoveIslandTV/comments/11gu3lo/daily_discussion_thread/,False,,402,,13,1,1677974107
11hd8hr,t3_11hd8hr,"S09E47 (Friday 3rd March) - ""The Islanders find out what the public thinks""",/r/LoveIslandTV/comments/11hd8hr/s09e47_friday_3rd_march_the_islanders_find_out/,1677873739,gwcr8,mayallrob_,False,DISCUSSION THREAD,https://www.reddit.com/r/LoveIslandTV/comments/11hd8hr/s09e47_friday_3rd_march_the_islanders_find_out/,False,,2554,"# Episode synopsis:

Opinions are flying as the couples find out exactly how the public rates their relationships...

[Does anyone even click this link?](https://www.youtube.com/watch?v=dQw4w9WgXcQ)

\------------

**Other discussion threads:**

* [Previous episode discussion thread](https://www.reddit.com/r/LoveIslandTV/comments/11gccza/s09e46_thursday_2nd_march_olivia_and_maxwell_dump/)
* [Older discussion threads](https://www.reddit.com/r/LoveIslandTV/search?q=flair_name%3A%22DISCUSSION%20THREAD%22&restrict_sr=1&sort=new)

\------------

**Ways to watch**

* ^(FOR NON-UK VIEWERS - If you're trying to watch this episode from outside the UK, check out the Megathread) [^(here)](https://www.reddit.com/r/LoveIslandTV/comments/108mag0/how_to_watch_megathread_2023/) ^(to discuss other ways of watching.)",31,1,1677975983
11hggvg,t3_11hggvg,Episode 47 (Friday 3rd March) - Post Episode Discussion Thread üßµ,/r/LoveIslandTV/comments/11hggvg/episode_47_friday_3rd_march_post_episode/,1677881048,zram0,PrincessCG,False,DISCUSSION THREAD,https://www.reddit.com/r/LoveIslandTV/comments/11hggvg/episode_47_friday_3rd_march_post_episode/,False,,774,,16,1,1677972356
11hshdm,t3_11hshdm,Daily Discussion Thread,/r/LoveIslandTV/comments/11hshdm/daily_discussion_thread/,1677913265,lhnunxp,aimhighsquatlow,False,DISCUSSION THREAD,https://www.reddit.com/r/LoveIslandTV/comments/11hshdm/daily_discussion_thread/,False,,395,,15,1,1678144767
11ibld7,t3_11ibld7,S09E48 (Saturday 4th March) - Unseen Bits: Week 7,/r/LoveIslandTV/comments/11ibld7/s09e48_saturday_4th_march_unseen_bits_week_7/,1677960118,gwcr8,mayallrob_,False,DISCUSSION THREAD,https://www.reddit.com/r/LoveIslandTV/comments/11ibld7/s09e48_saturday_4th_march_unseen_bits_week_7/,False,,276,"# Episode synopsis:

Exclusive unseen action from inside the villa, featuring gossip, drama, fighting, flirting and romance galore

\------------

**Other discussion threads:**

* [Previous episode discussion thread](https://www.reddit.com/r/LoveIslandTV/comments/11hd8hr/s09e47_friday_3rd_march_the_islanders_find_out/)
* [Older discussion threads](https://www.reddit.com/r/LoveIslandTV/search?q=flair_name%3A%22DISCUSSION%20THREAD%22&restrict_sr=1&sort=new)

\------------

**Ways to watch**

* ^(FOR NON-UK VIEWERS - If you're trying to watch this episode from outside the UK, check out the Megathread) [^(here)](https://www.reddit.com/r/LoveIslandTV/comments/108mag0/how_to_watch_megathread_2023/) ^(to discuss other ways of watching.)",9,1,1678147148
11iqchm,t3_11iqchm,Daily Discussion Thread,/r/LoveIslandTV/comments/11iqchm/daily_discussion_thread/,1677999667,lhnunxp,aimhighsquatlow,False,DISCUSSION THREAD,https://www.reddit.com/r/LoveIslandTV/comments/11iqchm/daily_discussion_thread/,False,,564,,10,1,1678144642
11jb0yt,t3_11jb0yt,"S09E49 (Sunday 5th March) - ""Rosie questions Casey's commitment""",/r/LoveIslandTV/comments/11jb0yt/s09e49_sunday_5th_march_rosie_questions_caseys/,1678046542,gwcr8,mayallrob_,False,DISCUSSION THREAD,https://www.reddit.com/r/LoveIslandTV/comments/11jb0yt/s09e49_sunday_5th_march_rosie_questions_caseys/,False,,3628,"# Episode synopsis:

Rosie airs her suspicions about Casey, but could Ron's advice be about to cause a rift in the villa?

\------------

**Other discussion threads:**

* [Previous episode discussion thread](https://www.reddit.com/r/LoveIslandTV/comments/11ibld7/s09e48_saturday_4th_march_unseen_bits_week_7/)
* [Older discussion threads](https://www.reddit.com/r/LoveIslandTV/search?q=flair_name%3A%22DISCUSSION%20THREAD%22&restrict_sr=1&sort=new)

\------------

**Ways to watch**

* ^(FOR NON-UK VIEWERS - If you're trying to watch this episode from outside the UK, check out the Megathread) [^(here)](https://www.reddit.com/r/LoveIslandTV/comments/108mag0/how_to_watch_megathread_2023/) ^(to discuss other ways of watching.)",37,1,1678281347
11jrdvj,t3_11jrdvj,Daily Discussion Thread,/r/LoveIslandTV/comments/11jrdvj/daily_discussion_thread/,1678086086,lhnunxp,aimhighsquatlow,False,DISCUSSION THREAD,https://www.reddit.com/r/LoveIslandTV/comments/11jrdvj/daily_discussion_thread/,False,,519,,16,1,1678280725
11kc6t7,t3_11kc6t7,"S09E50 (Sunday 6th March) - ""The Islanders show off their special talents""",/r/LoveIslandTV/comments/11kc6t7/s09e50_sunday_6th_march_the_islanders_show_off/,1678132959,gwcr8,mayallrob_,False,DISCUSSION THREAD,https://www.reddit.com/r/LoveIslandTV/comments/11kc6t7/s09e50_sunday_6th_march_the_islanders_show_off/,False,,2941,"# Episode synopsis:

It's talent show day! Get ready for some \*very\* special skills from the Islanders... 

\------------

**Other discussion threads:**

* [Previous episode discussion thread](https://www.reddit.com/r/LoveIslandTV/comments/11jb0yt/s09e49_sunday_5th_march_rosie_questions_caseys/)
* [Older discussion threads](https://www.reddit.com/r/LoveIslandTV/search?q=flair_name%3A%22DISCUSSION%20THREAD%22&restrict_sr=1&sort=new)

\------------

**Ways to watch**

* ^(FOR NON-UK VIEWERS - If you're trying to watch this episode from outside the UK, check out the Megathread) [^(here)](https://www.reddit.com/r/LoveIslandTV/comments/108mag0/how_to_watch_megathread_2023/) ^(to discuss other ways of watching.)",27,1,1678362372
11kfjwc,t3_11kfjwc,Episode 50 (Monday 6th March) - Post Episode Discussion Thread üßµ,/r/LoveIslandTV/comments/11kfjwc/episode_50_monday_6th_march_post_episode/,1678140058,zram0,PrincessCG,False,DISCUSSION THREAD,https://www.reddit.com/r/LoveIslandTV/comments/11kfjwc/episode_50_monday_6th_march_post_episode/,False,,626,,19,1,1678361263
11ks52w,t3_11ks52w,Daily Discussion Thread,/r/LoveIslandTV/comments/11ks52w/daily_discussion_thread/,1678172471,lhnunxp,aimhighsquatlow,False,DISCUSSION THREAD,https://www.reddit.com/r/LoveIslandTV/comments/11ks52w/daily_discussion_thread/,False,,587,,7,1,1678361832
11l9luu,t3_11l9luu,"S09E51 (Tuesday 7th March) - ""A public vote puts the couples at risk""",/r/LoveIslandTV/comments/11l9luu/s09e51_tuesday_7th_march_a_public_vote_puts_the/,1678219323,gwcr8,mayallrob_,False,DISCUSSION THREAD,https://www.reddit.com/r/LoveIslandTV/comments/11l9luu/s09e51_tuesday_7th_march_a_public_vote_puts_the/,False,1678221627,1666,"# Episode synopsis:

You know something's about to go down when you hear ""Can all Islanders gather around the firepit immediately...""

\------------

**Sub updates**

Win a chance to meet Ekin-Su and Joe at the final Reddit Talk in London next Tuesday! [Check out the post here.](https://www.reddit.com/r/LoveIslandTV/comments/11l6gh5/hey_reddit_as_you_know_im_a_big_fan_of_auntdad/)

\------------

**Other discussion threads:**

* [Previous episode discussion thread](https://www.reddit.com/r/LoveIslandTV/comments/11kc6t7/s09e50_sunday_6th_march_the_islanders_show_off/)
* [Older discussion threads](https://www.reddit.com/r/LoveIslandTV/search?q=flair_name%3A%22DISCUSSION%20THREAD%22&restrict_sr=1&sort=new)

\------------

**Ways to watch**

* ^(FOR NON-UK VIEWERS - If you're trying to watch this episode from outside the UK, check out the Megathread) [^(here)](https://www.reddit.com/r/LoveIslandTV/comments/108mag0/how_to_watch_megathread_2023/) ^(to discuss other ways of watching.)",18,1,1678444183
11lcuai,t3_11lcuai,Episode 51 (Tuesday 7th March) - Post Episode Discussion Thread üßµ,/r/LoveIslandTV/comments/11lcuai/episode_51_tuesday_7th_march_post_episode/,1678226460,zram0,PrincessCG,False,DISCUSSION THREAD,https://www.reddit.com/r/LoveIslandTV/comments/11lcuai/episode_51_tuesday_7th_march_post_episode/,False,,616,I would love to cut to a live shot of Claudia right now,44,1,1678443193
11lp8gz,t3_11lp8gz,Daily Discussion Thread,/r/LoveIslandTV/comments/11lp8gz/daily_discussion_thread/,1678258863,lhnunxp,aimhighsquatlow,False,DISCUSSION THREAD,https://www.reddit.com/r/LoveIslandTV/comments/11lp8gz/daily_discussion_thread/,False,,325,,13,1,1678444088
11m6gxc,t3_11m6gxc,"S09E52 (Wednesday 8th March) - ""The babies cause chaos in the villa üë∂""",/r/LoveIslandTV/comments/11m6gxc/s09e52_wednesday_8th_march_the_babies_cause_chaos/,1678305715,gwcr8,mayallrob_,False,DISCUSSION THREAD,https://www.reddit.com/r/LoveIslandTV/comments/11m6gxc/s09e52_wednesday_8th_march_the_babies_cause_chaos/,False,,1303,"# Episode synopsis:

What could be more relaxing than a day of nappy changing, playdates and babies crying?

\------------

**Sub updates**

Win a chance to meet Ekin-Su and Joe at the final Reddit Talk in London next Tuesday! [Check out the post here.](https://www.reddit.com/r/LoveIslandTV/comments/11l6gh5/hey_reddit_as_you_know_im_a_big_fan_of_auntdad/)

\------------

**Other discussion threads:**

* [Previous episode discussion thread](https://www.reddit.com/r/LoveIslandTV/comments/11l9luu/s09e51_tuesday_7th_march_a_public_vote_puts_the/)
* [Older discussion threads](https://www.reddit.com/r/LoveIslandTV/search?q=flair_name%3A%22DISCUSSION%20THREAD%22&restrict_sr=1&sort=new)

\------------

**Ways to watch**

* ^(FOR NON-UK VIEWERS - If you're trying to watch this episode from outside the UK, check out the Megathread) [^(here)](https://www.reddit.com/r/LoveIslandTV/comments/108mag0/how_to_watch_megathread_2023/) ^(to discuss other ways of watching.)",9,1,1678562381
11m9ktm,t3_11m9ktm,Episode 52 (Wednesday 8th March) - Post Episode Discussion Thread üßµ,/r/LoveIslandTV/comments/11m9ktm/episode_52_wednesday_8th_march_post_episode/,1678312848,zram0,PrincessCG,False,DISCUSSION THREAD,https://www.reddit.com/r/LoveIslandTV/comments/11m9ktm/episode_52_wednesday_8th_march_post_episode/,False,,482,,22,1,1678560525
11mlidv,t3_11mlidv,Daily Discussion Thread,/r/LoveIslandTV/comments/11mlidv/daily_discussion_thread/,1678345278,lhnunxp,aimhighsquatlow,False,DISCUSSION THREAD,https://www.reddit.com/r/LoveIslandTV/comments/11mlidv/daily_discussion_thread/,False,,459,,15,1,1678561060
11n354f,t3_11n354f,"S09E53 (Thursday 9th March) - ""The final dates come with a huge twist""",/r/LoveIslandTV/comments/11n354f/s09e53_thursday_9th_march_the_final_dates_come/,1678394469,gwcr8,mayallrob_,False,DISCUSSION THREAD,https://www.reddit.com/r/LoveIslandTV/comments/11n354f/s09e53_thursday_9th_march_the_final_dates_come/,False,,1303,"# Episode synopsis:

It's time for some epic final dates! But surely a sneaky text won't interrupt the romance?

\------------

**Other discussion threads:**

* [Previous episode discussion thread](https://www.reddit.com/r/LoveIslandTV/comments/11m6gxc/s09e52_wednesday_8th_march_the_babies_cause_chaos/)
* [Older discussion threads](https://www.reddit.com/r/LoveIslandTV/search?q=flair_name%3A%22DISCUSSION%20THREAD%22&restrict_sr=1&sort=new)

\------------

**Ways to watch**

* ^(FOR NON-UK VIEWERS - If you're trying to watch this episode from outside the UK, check out the Megathread) [^(here)](https://www.reddit.com/r/LoveIslandTV/comments/108mag0/how_to_watch_megathread_2023/) ^(to discuss other ways of watching.)",0,0,1678630657
11n58y6,t3_11n58y6,Episode 53 (Thursday 9th March) - Post Episode Discussion Thread üßµ,/r/LoveIslandTV/comments/11n58y6/episode_53_thursday_9th_march_post_episode/,1678399259,zram0,PrincessCG,False,DISCUSSION THREAD,https://www.reddit.com/r/LoveIslandTV/comments/11n58y6/episode_53_thursday_9th_march_post_episode/,False,,448,,21,1,1678629255
11nhqmf,t3_11nhqmf,Daily Discussion Thread,/r/LoveIslandTV/comments/11nhqmf/daily_discussion_thread/,1678431683,lhnunxp,aimhighsquatlow,False,DISCUSSION THREAD,https://www.reddit.com/r/LoveIslandTV/comments/11nhqmf/daily_discussion_thread/,False,,198,,13,1,1678629518
11nz7wi,t3_11nz7wi,"S09E54 (Friday 10th March) - ""There's tension at the firepit after the final dates""",/r/LoveIslandTV/comments/11nz7wi/s09e54_friday_10th_march_theres_tension_at_the/,1678478534,gwcr8,mayallrob_,False,DISCUSSION THREAD,https://www.reddit.com/r/LoveIslandTV/comments/11nz7wi/s09e54_friday_10th_march_theres_tension_at_the/,False,,2146,"# Episode synopsis:

The amazing final dates come to an end, forcing the Islanders to face their compatibility choices...

\------------

**Other discussion threads:**

* [Previous episode discussion thread](https://www.reddit.com/r/LoveIslandTV/comments/11n354f/s09e53_thursday_9th_march_the_final_dates_come/)
* [Older discussion threads](https://www.reddit.com/r/LoveIslandTV/search?q=flair_name%3A%22DISCUSSION%20THREAD%22&restrict_sr=1&sort=new)

\------------

**Ways to watch**

* ^(FOR NON-UK VIEWERS - If you're trying to watch this episode from outside the UK, check out the Megathread) [^(here)](https://www.reddit.com/r/LoveIslandTV/comments/108mag0/how_to_watch_megathread_2023/) ^(to discuss other ways of watching.)",18,1,1678702106
11o284o,t3_11o284o,Episode 54 (Friday 10th March) - Post Episode Discussion Thread üßµ,/r/LoveIslandTV/comments/11o284o/episode_54_friday_10th_march_post_episode/,1678485666,zram0,PrincessCG,False,DISCUSSION THREAD,https://www.reddit.com/r/LoveIslandTV/comments/11o284o/episode_54_friday_10th_march_post_episode/,False,,738,Honestly just want Sanam to look at me the way she looks at Kai ü•≥,33,1,1678700230
11odd1d,t3_11odd1d,Daily Discussion Thread,/r/LoveIslandTV/comments/11odd1d/daily_discussion_thread/,1678518067,lhnunxp,aimhighsquatlow,False,DISCUSSION THREAD,https://www.reddit.com/r/LoveIslandTV/comments/11odd1d/daily_discussion_thread/,False,,459,,20,1,1678756017
11otjp1,t3_11otjp1,S09E55 (Saturday 11th March) - Unseen Bits: Week 8,/r/LoveIslandTV/comments/11otjp1/s09e55_saturday_11th_march_unseen_bits_week_8/,1678564914,gwcr8,mayallrob_,False,DISCUSSION THREAD,https://www.reddit.com/r/LoveIslandTV/comments/11otjp1/s09e55_saturday_11th_march_unseen_bits_week_8/,False,,255,"# Episode synopsis:

Exclusive unseen action from inside the villa, featuring gossip, drama, fighting, flirting and romance galore

\------------

**Other discussion threads:**

* [Previous episode discussion thread](https://www.reddit.com/r/LoveIslandTV/comments/11ibld7/s09e48_saturday_4th_march_unseen_bits_week_7/)
* [Older discussion threads](https://www.reddit.com/r/LoveIslandTV/search?q=flair_name%3A%22DISCUSSION%20THREAD%22&restrict_sr=1&sort=new)

\------------

**Ways to watch**

* ^(FOR NON-UK VIEWERS - If you're trying to watch this episode from outside the UK, check out the Megathread) [^(here)](https://www.reddit.com/r/LoveIslandTV/comments/108mag0/how_to_watch_megathread_2023/) ^(to discuss other ways of watching.)",17,1,1678758537
11p8082,t3_11p8082,Daily Discussion Thread,/r/LoveIslandTV/comments/11p8082/daily_discussion_thread/,1678604476,lhnunxp,aimhighsquatlow,False,DISCUSSION THREAD,https://www.reddit.com/r/LoveIslandTV/comments/11p8082/daily_discussion_thread/,False,,335,,20,1,1678756115
11pnf4r,t3_11pnf4r,"S09E56 (Sunday 12th March) - ""Friends and family surprise the Islanders""",/r/LoveIslandTV/comments/11pnf4r/s09e56_sunday_12th_march_friends_and_family/,1678649429,45c6g2hn,WillowSwarm,False,DISCUSSION THREAD,https://www.reddit.com/r/LoveIslandTV/comments/11pnf4r/s09e56_sunday_12th_march_friends_and_family/,False,1678651999,2555,"Episode synopsis:

All of the emotions come out as some familiar faces from home stop by the villa!

\------------

**Other discussion threads:**

* [Previous episode discussion thread](https://www.reddit.com/r/LoveIslandTV/comments/11otjp1/s09e55_saturday_11th_march_unseen_bits_week_8/)
* [Older discussion threads](https://www.reddit.com/r/LoveIslandTV/search?q=flair_name%3A%22DISCUSSION%20THREAD%22&restrict_sr=1&sort=new)

\------------

**Ways to watch**

* ^(FOR NON-UK VIEWERS - If you're trying to watch this episode from outside the UK, check out the Megathread) [^(here)](https://www.reddit.com/r/LoveIslandTV/comments/108mag0/how_to_watch_megathread_2023/) ^(to discuss other ways of watching.)",39,1,1678909199
11pr9pm,t3_11pr9pm,Episode 56 (Sunday 12th March) - Post Episode Discussion Thread üßµ,/r/LoveIslandTV/comments/11pr9pm/episode_56_sunday_12th_march_post_episode/,1678658498,45c6g2hn,WillowSwarm,False,DISCUSSION THREAD,https://www.reddit.com/r/LoveIslandTV/comments/11pr9pm/episode_56_sunday_12th_march_post_episode/,False,,1423,"+Aftersun Thread 

*Maya may have made a mistake but she always looks great lol*",49,1,1678906606
11pszu3,t3_11pszu3,Off topic: Oscars discussion thread,/r/LoveIslandTV/comments/11pszu3/off_topic_oscars_discussion_thread/,1678662573,lhnunxp,aimhighsquatlow,False,DISCUSSION THREAD,https://i.redd.it/yp2v4nqolfna1.jpg,False,,160,,0,1,1678908286
11q2oga,t3_11q2oga,Daily Discussion Thread,/r/LoveIslandTV/comments/11q2oga/daily_discussion_thread/,1678690916,lhnunxp,aimhighsquatlow,False,DISCUSSION THREAD,https://www.reddit.com/r/LoveIslandTV/comments/11q2oga/daily_discussion_thread/,False,,347,,15,1,1678907894
11qjxm4,t3_11qjxm4,"S09E57 (Monday 13th March) - THE FINAL - ""The couples get ready for the final ball üíú""",/r/LoveIslandTV/comments/11qjxm4/s09e57_monday_13th_march_the_final_the_couples/,1678737706,gwcr8,mayallrob_,False,DISCUSSION THREAD,https://www.reddit.com/r/LoveIslandTV/comments/11qjxm4/s09e57_monday_13th_march_the_final_the_couples/,False,,4490,"# Episode synopsis:

Eight weeks in the villa have all come down to this... the Love Island final! 

\------------

**Sub updates**

Love Island may be finishing tonight (what will I do with my evenings for the next 3 months?). but don't forget to **come back tomorrow at 8pm for the final Talk with Ekin-Su and Joe**! 

\------------

**Other discussion threads:**

* [Previous episode discussion thread](https://www.reddit.com/r/LoveIslandTV/comments/11pnf4r/s09e56_sunday_12th_march_friends_and_family/)
* [Older discussion threads](https://www.reddit.com/r/LoveIslandTV/search?q=flair_name%3A%22DISCUSSION%20THREAD%22&restrict_sr=1&sort=new)

\------------

**Ways to watch**

* ^(FOR NON-UK VIEWERS - If you're trying to watch this episode from outside the UK, check out the Megathread) [^(here)](https://www.reddit.com/r/LoveIslandTV/comments/108mag0/how_to_watch_megathread_2023/) ^(to discuss other ways of watching.)",43,1,1678994249
11qo5wz,t3_11qo5wz,Episode 57 Finale (Monday 13th March) - Post Episode Discussion Thread üßµ,/r/LoveIslandTV/comments/11qo5wz/episode_57_finale_monday_13th_march_post_episode/,1678746737,45c6g2hn,WillowSwarm,False,DISCUSSION THREAD,https://www.reddit.com/r/LoveIslandTV/comments/11qo5wz/episode_57_finale_monday_13th_march_post_episode/,False,,657,*And that's all folks... until the reunion*,78,1,1678993737
11qz9lb,t3_11qz9lb,Daily Discussion Thread,/r/LoveIslandTV/comments/11qz9lb/daily_discussion_thread/,1678777282,lhnunxp,aimhighsquatlow,False,DISCUSSION THREAD,https://www.reddit.com/r/LoveIslandTV/comments/11qz9lb/daily_discussion_thread/,False,,302,,15,1,1678993800
11rosca,t3_11rosca,Daily Discussion Thread,/r/LoveIslandTV/comments/11rosca/daily_discussion_thread/,1678863682,lhnunxp,aimhighsquatlow,False,DISCUSSION THREAD,https://www.reddit.com/r/LoveIslandTV/comments/11rosca/daily_discussion_thread/,False,,149,,19,1,1678994180
11smrq4,t3_11smrq4,Daily Discussion Thread,/r/LoveIslandTV/comments/11smrq4/daily_discussion_thread/,1678950065,lhnunxp,aimhighsquatlow,True,DISCUSSION THREAD,https://www.reddit.com/r/LoveIslandTV/comments/11smrq4/daily_discussion_thread/,False,,58,,9,1,1678994226
